row ID,Predict-Qualified
Row0,1
Row1,1
Row4,0
Row8,1
Row10,1
Row11,0
Row13,1
Row14,1
Row16,0
Row18,1
Row20,1
Row22,0
Row23,1
Row24,1
Row25,0
Row31,1
Row39,1
Row40,1
Row42,0
Row43,1
Row44,1
Row47,1
Row51,1
Row52,1
Row54,1
Row55,0
Row58,1
Row60,0
Row65,1
Row71,1
Row72,1
Row73,0
Row75,1
Row77,0
Row78,1
Row79,0
Row80,1
Row83,1
Row84,1
Row87,1
Row88,0
Row89,0
Row90,1
Row91,0
Row95,1
Row96,0
Row97,0
Row98,1
Row99,1
Row102,1
Row106,1
Row107,1
Row109,0
Row111,1
Row115,0
Row117,1
Row119,0
Row125,1
Row127,1
Row128,1
Row134,1
Row135,0
Row137,1
Row140,1
Row141,1
Row143,0
Row144,0
Row145,1
Row148,1
Row154,1
Row156,0
Row160,0
Row168,1
Row169,1
Row171,1
Row173,1
Row174,1
Row178,1
Row181,1
Row183,0
Row187,1
Row188,0
Row189,1
Row190,1
Row191,1
Row197,1
Row199,1
Row200,1
Row203,1
Row210,1
Row211,0
Row212,0
Row215,0
Row220,1
Row224,1
Row227,1
Row230,1
Row231,1
Row232,0
Row235,1
Row239,0
Row244,0
Row254,1
Row257,1
Row260,0
Row265,1
Row267,0
Row268,1
Row269,1
Row276,1
Row280,1
Row281,1
Row282,1
Row290,0
Row291,0
Row293,0
Row294,1
Row295,1
Row296,1
Row297,1
Row299,1
Row300,1
Row302,1
Row304,1
Row306,1
Row308,1
Row309,0
Row312,1
Row313,0
Row319,1
Row322,1
Row324,1
Row325,1
Row327,1
Row328,1
Row342,1
Row354,1
Row359,1
Row363,1
Row364,1
Row366,1
Row372,0
Row397,1
Row400,1
Row401,1
Row402,1
Row404,0
Row406,1
Row414,1
Row416,0
Row419,0
Row422,1
Row423,1
Row426,1
Row428,1
Row430,0
Row434,0
Row435,0
Row439,0
Row442,0
Row444,1
Row450,1
Row451,0
Row452,1
Row457,0
Row458,1
Row461,0
Row462,1
Row465,1
Row466,0
Row469,1
Row473,0
Row477,1
Row480,0
Row482,1
Row483,0
Row484,1
Row490,1
Row497,1
Row506,1
Row507,1
Row512,0
Row514,1
Row517,1
Row523,0
Row527,0
Row533,1
Row538,1
Row544,1
Row547,0
Row551,0
Row552,0
Row554,1
Row555,1
Row557,1
Row559,1
Row560,1
Row562,0
Row564,0
Row566,0
Row580,1
Row583,1
Row586,1
Row587,1
Row589,1
Row590,1
Row591,1
Row592,1
Row596,1
Row597,0
Row598,0
Row600,1
Row602,1
Row604,0
Row605,1
Row610,1
Row616,1
Row618,1
Row620,1
Row621,1
Row623,1
Row628,1
Row630,0
Row632,0
Row636,1
Row640,1
Row643,1
Row644,0
Row646,1
Row649,1
Row650,1
Row652,1
Row655,1
Row656,0
Row657,0
Row658,1
Row659,0
Row660,0
Row661,0
Row662,0
Row669,1
Row672,0
Row675,1
Row679,1
Row685,1
Row688,0
Row699,0
Row702,0
Row707,1
Row708,1
Row715,0
Row720,1
Row721,0
Row722,1
Row724,1
Row725,1
Row727,0
Row739,1
Row754,1
Row756,1
Row758,0
Row762,1
Row764,1
Row774,0
Row780,1
Row783,1
Row789,1
Row795,0
Row798,1
Row803,1
Row806,1
Row808,1
Row812,1
Row814,0
Row815,1
Row817,0
Row822,1
Row825,1
Row826,1
Row827,1
Row834,0
Row853,0
Row860,1
Row863,1
Row867,0
Row875,1
Row877,1
Row879,1
Row882,1
Row883,0
Row885,1
Row889,1
Row903,1
Row904,1
Row909,0
Row916,1
Row920,0
Row929,1
Row930,1
Row931,0
Row934,0
Row936,1
Row940,0
Row943,1
Row944,1
Row948,1
Row949,1
Row952,1
Row957,0
Row958,1
Row960,1
Row965,1
Row966,1
Row969,0
Row972,1
Row973,1
Row974,1
Row978,0
Row979,1
Row981,1
Row985,0
Row988,1
Row1002,0
Row1004,1
Row1007,0
Row1011,1
Row1013,1
Row1018,1
Row1024,0
Row1025,0
Row1029,1
Row1035,0
Row1044,1
Row1047,1
Row1051,0
Row1052,1
Row1054,0
Row1056,1
Row1059,1
Row1066,0
Row1068,0
Row1076,1
Row1079,1
Row1082,1
Row1088,1
Row1090,0
Row1092,1
Row1095,0
Row1123,1
Row1140,1
Row1141,1
Row1143,1
Row1144,0
Row1147,0
Row1149,1
Row1156,1
Row1160,1
Row1161,1
Row1169,1
Row1174,0
Row1176,1
Row1178,0
Row1181,0
Row1182,0
Row1183,1
Row1184,0
Row1185,1
Row1186,1
Row1188,1
Row1190,1
Row1193,1
Row1197,1
Row1198,0
Row1199,1
Row1202,0
Row1209,1
Row1213,1
Row1215,1
Row1216,0
Row1221,1
Row1223,1
Row1227,1
Row1229,1
Row1244,1
Row1247,1
Row1249,0
Row1253,1
Row1259,1
Row1262,1
Row1263,1
Row1264,1
Row1268,1
Row1269,0
Row1270,1
Row1274,1
Row1275,1
Row1279,1
Row1280,1
Row1282,1
Row1283,1
Row1284,0
Row1286,0
Row1287,1
Row1297,1
Row1299,1
Row1306,0
Row1308,1
Row1309,1
Row1310,0
Row1311,0
Row1314,1
Row1321,1
Row1323,1
Row1337,0
Row1339,1
Row1342,1
Row1345,0
Row1347,0
Row1353,0
Row1373,1
Row1374,1
Row1379,0
Row1382,1
Row1383,0
Row1385,1
Row1387,0
Row1388,1
Row1391,1
Row1394,1
Row1395,1
Row1397,0
Row1404,1
Row1405,1
Row1407,1
Row1409,0
Row1414,1
Row1415,1
Row1416,1
Row1417,1
Row1423,1
Row1425,1
Row1427,0
Row1430,0
Row1433,1
Row1434,0
Row1437,1
Row1439,1
Row1440,0
Row1447,1
Row1448,0
Row1449,1
Row1450,1
Row1451,1
Row1454,1
Row1456,0
Row1458,1
Row1461,1
Row1462,1
Row1464,1
Row1465,1
Row1473,1
Row1475,0
Row1489,0
Row1490,1
Row1491,1
Row1492,1
Row1493,1
Row1494,0
Row1495,1
Row1497,1
Row1498,1
Row1501,1
Row1502,0
Row1505,1
Row1508,1
Row1510,1
Row1511,1
Row1513,1
Row1515,1
Row1517,1
Row1523,0
Row1543,1
Row1545,0
Row1556,0
Row1566,0
Row1568,0
Row1571,1
Row1575,0
Row1576,0
Row1577,1
Row1578,1
Row1580,1
Row1592,1
Row1595,1
Row1596,1
Row1597,1
Row1598,1
Row1632,1
Row1637,0
Row1639,1
Row1642,1
Row1649,0
Row1653,0
Row1654,0
Row1656,1
Row1658,0
Row1659,1
Row1666,1
Row1667,1
Row1668,0
Row1669,0
Row1672,1
Row1675,0
Row1676,1
Row1677,1
Row1679,0
Row1682,1
Row1683,1
Row1686,0
Row1687,1
Row1688,1
Row1690,1
Row1692,1
Row1694,1
Row1695,1
Row1716,0
Row1725,1
Row1733,1
Row1739,1
Row1741,1
Row1742,1
Row1743,0
Row1746,1
Row1747,0
Row1749,1
Row1751,1
Row1753,1
Row1757,1
Row1758,1
Row1759,0
Row1760,1
Row1762,1
Row1765,0
Row1768,1
Row1771,1
Row1772,1
Row1776,0
Row1777,1
Row1779,0
Row1783,1
Row1784,0
Row1786,0
Row1787,0
Row1788,1
Row1789,1
Row1790,0
Row1791,1
Row1793,1
Row1800,1
Row1801,1
Row1804,1
Row1811,0
Row1813,1
Row1816,1
Row1818,0
Row1819,1
Row1823,0
Row1824,1
Row1826,1
Row1827,0
Row1828,1
Row1835,1
Row1838,1
Row1839,1
Row1840,1
Row1841,0
Row1842,1
Row1844,0
Row1845,1
Row1850,1
Row1852,1
Row1853,0
Row1854,1
Row1855,1
Row1856,1
Row1857,0
Row1858,1
Row1862,0
Row1864,1
Row1865,1
Row1866,0
Row1867,1
Row1868,1
Row1869,1
Row1876,0
Row1877,0
Row1880,1
Row1881,1
Row1882,1
Row1883,1
Row1885,0
Row1890,1
Row1891,1
Row1894,0
Row1897,1
Row1902,1
Row1904,1
Row1905,1
Row1906,0
Row1907,1
Row1917,0
Row1919,0
Row1922,1
Row1923,1
Row1925,1
Row1926,1
Row1928,1
Row1929,1
Row1931,0
Row1933,0
Row1935,0
Row1939,0
Row1945,1
Row1947,1
Row1949,0
Row1950,0
Row1951,1
Row1953,1
Row1954,1
Row1955,1
Row1956,1
Row1959,1
Row1960,1
Row1962,1
Row1964,1
Row1965,0
Row1969,1
Row1970,0
Row1973,0
Row1974,1
Row1977,1
Row1978,1
Row1981,1
Row1985,1
Row1987,1
Row1992,1
Row1994,0
Row1995,1
Row1997,0
Row1998,0
Row2002,1
Row2003,0
Row2004,1
Row2006,1
Row2007,1
Row2008,1
Row2009,0
Row2012,0
Row2017,1
Row2018,0
Row2019,1
Row2020,1
Row2021,0
Row2022,1
Row2024,1
Row2025,0
Row2026,0
Row2028,0
Row2031,1
Row2032,1
Row2036,1
Row2038,0
Row2039,0
Row2042,0
Row2045,1
Row2046,1
Row2053,0
Row2054,0
Row2056,0
Row2060,0
Row2071,0
Row2072,0
Row2079,1
Row2080,1
Row2081,1
Row2082,0
Row2092,0
Row2100,1
Row2101,1
Row2106,0
Row2115,0
Row2117,0
Row2119,1
Row2120,1
Row2127,0
Row2131,1
Row2136,0
Row2140,1
Row2141,0
Row2142,1
Row2143,1
Row2144,1
Row2145,1
Row2146,1
Row2151,1
Row2155,1
Row2163,1
Row2166,0
Row2167,0
Row2169,1
Row2188,1
Row2190,0
Row2191,1
Row2198,1
Row2200,0
Row2201,0
Row2207,1
Row2208,1
Row2209,1
Row2210,1
Row2211,1
Row2213,0
Row2214,1
Row2215,0
Row2217,1
Row2231,0
Row2234,1
Row2244,1
Row2247,1
Row2248,1
Row2249,1
Row2251,1
Row2252,1
Row2263,0
Row2269,0
Row2278,0
Row2286,1
Row2290,0
Row2291,1
Row2292,0
Row2294,0
Row2296,0
Row2299,1
Row2300,0
Row2304,0
Row2311,1
Row2315,0
Row2325,1
Row2326,1
Row2327,1
Row2328,0
Row2346,1
Row2347,1
Row2351,0
Row2357,1
Row2359,1
Row2363,1
Row2364,1
Row2365,1
Row2371,1
Row2374,0
Row2377,1
Row2378,1
Row2384,1
Row2387,1
Row2390,0
Row2392,0
Row2393,1
Row2394,1
Row2395,1
Row2396,1
Row2397,1
Row2400,1
Row2402,1
Row2409,0
Row2410,0
Row2411,1
Row2412,0
Row2413,1
Row2417,1
Row2418,0
Row2420,0
Row2427,1
Row2429,0
Row2434,0
Row2437,0
Row2442,1
Row2443,1
Row2448,1
Row2453,0
Row2456,1
Row2457,1
Row2459,1
Row2460,0
Row2461,0
Row2462,1
Row2465,1
Row2466,1
Row2470,1
Row2474,0
Row2477,1
Row2478,1
Row2480,0
Row2481,1
Row2482,0
Row2499,1
Row2514,0
Row2516,0
Row2518,1
Row2521,1
Row2522,1
Row2523,1
Row2524,1
Row2530,1
Row2532,1
Row2537,1
Row2538,0
Row2539,1
Row2541,1
Row2550,1
Row2552,1
Row2553,1
Row2554,1
Row2555,1
Row2558,1
Row2559,1
Row2560,1
Row2562,1
Row2565,1
Row2567,1
Row2568,1
Row2569,1
Row2570,1
Row2571,1
Row2577,0
Row2578,0
Row2579,0
Row2580,0
Row2582,0
Row2586,0
Row2587,1
Row2589,0
Row2590,1
Row2592,1
Row2593,1
Row2595,1
Row2596,1
Row2597,1
Row2598,1
Row2599,1
Row2600,1
Row2602,0
Row2603,1
Row2605,1
Row2607,1
Row2608,1
Row2609,0
Row2612,1
Row2621,0
Row2623,0
Row2624,1
Row2627,1
Row2628,0
Row2633,0
Row2637,0
Row2640,0
Row2641,1
Row2643,1
Row2646,1
Row2647,0
Row2649,1
Row2651,0
Row2653,1
Row2655,0
Row2656,1
Row2657,0
Row2659,0
Row2660,1
Row2669,1
Row2673,0
Row2678,1
Row2679,1
Row2680,1
Row2683,1
Row2689,1
Row2691,1
Row2692,1
Row2696,1
Row2700,1
Row2706,1
Row2707,1
Row2710,1
Row2711,0
Row2712,0
Row2713,0
Row2714,0
Row2717,1
Row2718,1
Row2724,1
Row2725,1
Row2726,0
Row2729,1
Row2731,0
Row2734,1
Row2736,0
Row2739,0
Row2740,1
Row2741,1
Row2743,1
Row2744,1
Row2745,1
Row2746,1
Row2755,1
Row2756,1
Row2758,1
Row2760,0
Row2768,1
Row2769,1
Row2772,1
Row2776,1
Row2777,1
Row2779,1
Row2795,0
Row2801,0
Row2804,1
Row2805,1
Row2806,1
Row2807,1
Row2808,1
Row2811,0
Row2812,1
Row2814,1
Row2818,1
Row2819,1
Row2822,1
Row2824,0
Row2825,0
Row2826,1
Row2827,1
Row2828,0
Row2832,1
Row2837,1
Row2842,1
Row2843,1
Row2848,1
Row2851,1
Row2854,0
Row2856,1
Row2859,0
Row2860,0
Row2862,1
Row2863,1
Row2871,0
Row2875,1
Row2877,0
Row2879,1
Row2880,1
Row2882,1
Row2884,0
Row2885,1
Row2886,1
Row2887,1
Row2892,0
Row2895,1
Row2896,1
Row2897,1
Row2898,1
Row2899,1
Row2903,1
Row2905,0
Row2910,1
Row2915,1
Row2916,0
Row2917,1
Row2919,1
Row2922,0
Row2923,1
Row2924,1
Row2927,1
Row2930,1
Row2932,1
Row2933,1
Row2936,0
Row2937,0
Row2940,1
Row2944,1
Row2946,1
Row2950,1
Row2951,1
Row2953,0
Row2971,1
Row2977,0
Row2979,0
Row2982,1
Row2987,1
Row2993,1
Row3001,1
Row3004,1
Row3005,1
Row3007,0
Row3008,1
Row3015,1
Row3016,0
Row3017,1
Row3019,1
Row3021,1
Row3022,0
Row3023,1
Row3024,1
Row3026,0
Row3028,1
Row3031,1
Row3039,1
Row3040,1
Row3041,0
Row3042,0
Row3043,1
Row3048,0
Row3049,1
Row3050,1
Row3052,0
Row3053,0
Row3080,1
Row3081,0
Row3084,1
Row3086,1
Row3088,1
Row3089,0
Row3091,1
Row3093,0
Row3094,1
Row3095,1
Row3097,1
Row3098,0
Row3099,1
Row3107,1
Row3112,1
Row3113,1
Row3114,1
Row3117,1
Row3121,1
Row3122,1
Row3124,1
Row3128,0
Row3129,0
Row3131,1
Row3133,1
Row3135,1
Row3140,1
Row3141,1
Row3144,1
Row3155,1
Row3156,0
Row3157,0
Row3159,1
Row3160,1
Row3161,1
Row3167,1
Row3173,0
Row3174,1
Row3175,1
Row3178,1
Row3179,1
Row3180,1
Row3182,1
Row3185,0
Row3186,1
Row3187,0
Row3189,1
Row3190,1
Row3192,0
Row3193,1
Row3194,1
Row3195,1
Row3203,0
Row3209,1
Row3210,1
Row3211,1
Row3215,0
Row3220,0
Row3221,1
Row3227,1
Row3230,1
Row3231,0
Row3235,1
Row3236,1
Row3241,1
Row3243,0
Row3245,0
Row3247,1
Row3252,1
Row3253,1
Row3254,1
Row3285,0
Row3286,0
Row3287,1
Row3288,1
Row3292,1
Row3293,1
Row3296,1
Row3298,1
Row3299,1
Row3301,0
Row3305,0
Row3306,1
Row3307,1
Row3311,1
Row3312,1
Row3314,1
Row3315,0
Row3318,1
Row3321,0
Row3324,0
Row3326,1
Row3327,1
Row3328,1
Row3329,1
Row3331,1
Row3334,1
Row3335,0
Row3336,1
Row3339,1
Row3340,1
Row3342,1
Row3346,1
Row3349,1
Row3360,1
Row3370,1
Row3382,1
Row3383,1
Row3384,1
Row3385,0
Row3388,1
Row3389,1
Row3393,0
Row3396,1
Row3399,0
Row3401,1
Row3405,1
Row3406,1
Row3408,1
Row3409,1
Row3414,1
Row3419,0
Row3420,0
Row3423,0
Row3424,1
Row3425,1
Row3426,1
Row3427,1
Row3438,1
Row3439,1
Row3442,1
Row3443,0
Row3451,1
Row3453,1
Row3456,1
Row3457,1
Row3459,1
Row3460,1
Row3461,0
Row3464,0
Row3465,1
Row3470,1
Row3472,1
Row3473,0
Row3474,1
Row3477,1
Row3478,1
Row3480,1
Row3482,0
Row3495,1
Row3497,0
Row3498,1
Row3499,0
Row3500,1
Row3501,0
Row3503,1
Row3505,0
Row3506,1
Row3507,1
Row3510,1
Row3511,1
Row3512,0
Row3513,1
Row3514,1
Row3515,0
Row3517,1
Row3527,0
Row3533,1
Row3534,1
Row3535,1
Row3542,1
Row3543,0
Row3544,0
Row3545,0
Row3549,0
Row3551,0
Row3553,0
Row3554,0
Row3555,0
Row3557,1
Row3561,1
Row3562,1
Row3563,1
Row3565,0
Row3566,1
Row3568,1
Row3570,1
Row3572,1
Row3573,1
Row3600,1
Row3602,0
Row3603,1
Row3607,1
Row3608,1
Row3610,1
Row3611,1
Row3616,0
Row3619,1
Row3623,1
Row3624,1
Row3632,0
Row3639,0
Row3647,1
Row3649,1
Row3656,1
Row3657,1
Row3658,0
Row3659,1
Row3660,0
Row3661,1
Row3662,1
Row3663,0
Row3665,1
Row3672,1
Row3673,1
Row3676,0
Row3678,1
Row3679,0
Row3681,1
Row3685,1
Row3686,0
Row3688,0
Row3690,1
Row3691,1
Row3693,0
Row3699,1
Row3700,0
Row3707,1
Row3708,0
Row3711,0
Row3714,1
Row3717,1
Row3722,1
Row3723,0
Row3727,0
Row3729,0
Row3732,1
Row3735,1
Row3742,1
Row3751,1
Row3753,0
Row3758,0
Row3759,0
Row3764,1
Row3766,1
Row3769,1
Row3773,0
Row3775,0
Row3786,0
Row3788,0
Row3790,0
Row3791,0
Row3792,1
Row3794,1
Row3795,0
Row3796,1
Row3798,1
Row3799,1
Row3801,1
Row3803,1
Row3805,1
Row3807,1
Row3811,1
Row3812,0
Row3815,0
Row3817,1
Row3821,1
Row3823,0
Row3824,1
Row3826,1
Row3827,0
Row3831,0
Row3832,1
Row3834,0
Row3835,1
Row3836,0
Row3843,1
Row3849,1
Row3854,1
Row3856,1
Row3858,1
Row3859,0
Row3863,1
Row3864,1
Row3865,1
Row3867,0
Row3870,1
Row3871,1
Row3873,1
Row3875,1
Row3876,1
Row3877,0
Row3879,1
Row3882,1
Row3883,1
Row3885,1
Row3886,1
Row3887,1
Row3888,1
Row3889,1
Row3890,0
Row3897,1
Row3898,0
Row3901,1
Row3903,1
Row3906,1
Row3909,1
Row3911,1
Row3917,1
Row3922,1
Row3923,1
Row3926,1
Row3927,1
Row3930,0
Row3935,1
Row3938,1
Row3939,1
Row3943,1
Row3946,1
Row3950,1
Row3953,0
Row3956,1
Row3957,1
Row3958,1
Row3959,1
Row3961,1
Row3966,1
Row3967,1
Row3972,1
Row3974,1
Row3993,1
Row3995,1
Row3999,1
Row4000,1
Row4011,0
Row4012,1
Row4014,1
Row4015,0
Row4021,1
Row4022,1
Row4023,1
Row4025,0
Row4029,1
Row4031,1
Row4033,1
Row4035,1
Row4037,0
Row4039,1
Row4041,1
Row4042,1
Row4043,1
Row4044,1
Row4050,1
Row4056,1
Row4059,1
Row4060,0
Row4061,1
Row4063,1
Row4067,1
Row4076,1
Row4079,1
Row4081,0
Row4082,1
Row4083,1
Row4084,1
Row4085,1
Row4097,0
Row4098,1
Row4101,0
Row4104,0
Row4105,1
Row4108,1
Row4110,1
Row4111,1
Row4112,1
Row4115,1
Row4118,1
Row4121,1
Row4122,1
Row4125,1
Row4126,0
Row4130,1
Row4132,1
Row4134,1
Row4136,1
Row4137,1
Row4141,1
Row4143,1
Row4145,1
Row4146,1
Row4147,1
Row4148,1
Row4155,1
Row4156,1
Row4157,0
Row4159,1
Row4162,0
Row4166,1
Row4167,0
Row4169,1
Row4171,1
Row4172,1
Row4175,1
Row4178,1
Row4179,1
Row4183,0
Row4185,1
Row4186,1
Row4191,1
Row4192,1
Row4193,1
Row4194,1
Row4203,1
Row4206,1
Row4208,1
Row4210,1
Row4212,1
Row4215,1
Row4220,1
Row4223,1
Row4224,1
Row4227,1
Row4236,0
Row4237,1
Row4238,1
Row4239,1
Row4240,0
Row4241,1
Row4243,1
Row4248,1
Row4250,1
Row4251,1
Row4252,1
Row4255,1
Row4256,1
Row4259,1
Row4262,1
Row4264,1
Row4265,1
Row4272,1
Row4273,1
Row4276,0
Row4279,0
Row4283,1
Row4294,1
Row4295,0
Row4298,1
Row4299,0
Row4302,1
Row4303,1
Row4304,0
Row4308,1
Row4309,1
Row4312,1
Row4315,1
Row4316,1
Row4322,1
Row4323,1
Row4324,1
Row4328,1
Row4335,1
Row4336,1
Row4340,1
Row4344,1
Row4345,0
Row4347,1
Row4348,1
Row4352,0
Row4353,1
Row4355,1
Row4358,1
Row4360,1
Row4361,1
Row4363,1
Row4364,1
Row4369,1
Row4371,1
Row4378,1
Row4379,0
Row4382,1
Row4383,1
Row4386,1
Row4389,0
Row4391,1
Row4392,1
Row4393,1
Row4394,1
Row4395,1
Row4397,1
Row4403,1
Row4404,1
Row4405,1
Row4412,1
Row4414,0
Row4419,0
Row4421,1
Row4422,1
Row4426,1
Row4428,1
Row4429,1
Row4439,1
Row4440,1
Row4443,1
Row4444,1
Row4445,1
Row4446,1
Row4447,1
Row4448,0
Row4449,0
Row4450,1
Row4452,1
Row4453,1
Row4454,1
Row4456,0
Row4458,1
Row4460,1
Row4464,1
Row4466,0
Row4470,1
Row4471,0
Row4472,1
Row4474,1
Row4475,0
Row4476,1
Row4478,1
Row4479,1
Row4480,1
Row4488,1
Row4493,1
Row4494,0
Row4495,1
Row4496,1
Row4497,1
Row4498,1
Row4500,0
Row4503,0
Row4504,1
Row4508,1
Row4509,1
Row4518,0
Row4525,0
Row4528,1
Row4531,1
Row4532,0
Row4535,1
Row4536,0
Row4539,1
Row4543,0
Row4545,1
Row4546,0
Row4553,0
Row4555,0
Row4556,0
Row4574,0
Row4576,1
Row4577,1
Row4581,1
Row4583,1
Row4587,1
Row4588,1
Row4590,1
Row4600,1
Row4601,1
Row4602,1
Row4613,1
Row4614,1
Row4615,1
Row4617,1
Row4618,1
Row4620,1
Row4621,1
Row4624,1
Row4631,1
Row4632,1
Row4633,1
Row4635,0
Row4641,1
Row4643,0
Row4651,0
Row4653,1
Row4655,0
Row4663,0
Row4664,1
Row4665,0
Row4666,1
Row4667,1
Row4671,1
Row4672,0
Row4673,1
Row4675,0
Row4676,1
Row4684,1
Row4691,1
Row4692,1
Row4693,1
Row4695,1
Row4697,1
Row4723,1
Row4724,0
Row4725,1
Row4726,1
Row4727,0
Row4728,1
Row4729,1
Row4730,0
Row4733,1
Row4734,0
Row4735,1
Row4736,1
Row4738,1
Row4742,1
Row4744,0
Row4749,1
Row4753,1
Row4758,0
Row4759,1
Row4760,1
Row4761,1
Row4763,1
Row4764,1
Row4782,0
Row4784,1
Row4789,0
Row4798,1
Row4801,1
Row4802,1
Row4806,1
Row4807,1
Row4808,1
Row4810,0
Row4818,1
Row4820,1
Row4821,1
Row4823,1
Row4827,0
Row4830,1
Row4831,0
Row4834,1
Row4840,1
Row4841,1
Row4844,0
Row4846,1
Row4849,1
Row4850,1
Row4851,1
Row4852,1
Row4854,1
Row4855,0
Row4871,1
Row4872,1
Row4874,1
Row4876,1
Row4878,1
Row4881,0
Row4884,1
Row4887,1
Row4889,0
Row4906,1
Row4909,1
Row4911,1
Row4912,1
Row4913,1
Row4914,1
Row4916,1
Row4923,0
Row4925,1
Row4926,0
Row4931,1
Row4932,1
Row4936,0
Row4938,1
Row4940,1
Row4941,1
Row4944,1
Row4954,0
Row4955,1
Row4956,1
Row4958,1
Row4960,1
Row4962,0
Row4963,0
Row4964,1
Row4965,1
Row4966,1
Row4967,0
Row4968,1
Row4970,0
Row4971,0
Row4973,1
Row4976,1
Row4977,1
Row4980,0
Row4981,0
Row4982,1
Row4993,1
Row4996,1
Row4998,1
Row4999,1
Row5000,1
Row5003,1
Row5005,1
Row5008,1
Row5011,1
Row5012,0
Row5015,1
Row5016,0
Row5018,1
Row5019,1
Row5022,1
Row5026,0
Row5027,1
Row5036,0
Row5037,1
Row5038,1
Row5049,1
Row5050,1
Row5053,1
Row5054,1
Row5055,1
Row5062,0
Row5063,0
Row5065,0
Row5069,1
Row5070,1
Row5071,1
Row5072,0
Row5074,1
Row5075,1
Row5078,1
Row5079,1
Row5080,1
Row5083,1
Row5091,1
Row5093,1
Row5104,1
Row5105,0
Row5107,1
Row5115,1
Row5116,1
Row5119,1
Row5121,0
Row5127,1
Row5130,1
Row5138,1
Row5142,1
Row5144,0
Row5146,1
Row5151,1
Row5152,1
Row5154,1
Row5157,1
Row5159,1
Row5165,1
Row5166,1
Row5167,1
Row5168,0
Row5169,1
Row5171,0
Row5173,0
Row5174,1
Row5192,0
Row5195,1
Row5196,1
Row5197,1
Row5198,1
Row5199,1
Row5200,0
Row5201,1
Row5203,0
Row5205,1
Row5207,1
Row5215,0
Row5217,1
Row5219,1
Row5220,1
Row5222,1
Row5224,1
Row5226,1
Row5227,1
Row5228,1
Row5229,1
Row5230,0
Row5237,0
Row5239,1
Row5241,0
Row5243,1
Row5244,1
Row5249,0
Row5253,0
Row5254,0
Row5257,1
Row5258,1
Row5259,1
Row5260,1
Row5261,1
Row5262,1
Row5264,1
Row5267,1
Row5274,1
Row5278,1
Row5280,1
Row5283,1
Row5288,1
Row5289,1
Row5292,1
Row5297,1
Row5299,1
Row5303,0
Row5307,0
Row5310,1
Row5311,1
Row5312,1
Row5315,1
Row5316,1
Row5317,1
Row5319,1
Row5321,1
Row5323,1
Row5327,1
Row5332,1
Row5333,1
Row5334,1
Row5339,1
Row5341,1
Row5343,1
Row5344,0
Row5345,1
Row5347,1
Row5349,1
Row5350,1
Row5351,1
Row5353,0
Row5354,1
Row5355,1
Row5356,1
Row5359,1
Row5361,1
Row5364,1
Row5365,1
Row5366,1
Row5367,1
Row5368,1
Row5369,1
Row5371,0
Row5374,1
Row5379,1
Row5381,1
Row5382,1
Row5383,1
Row5384,1
Row5385,1
Row5387,1
Row5389,1
Row5390,0
Row5391,1
Row5393,1
Row5399,0
Row5400,0
Row5402,1
Row5404,1
Row5405,1
Row5406,1
Row5408,1
Row5409,1
Row5410,1
Row5414,1
Row5422,1
Row5429,0
Row5432,1
Row5433,1
Row5438,1
Row5443,1
Row5447,1
Row5449,1
Row5454,1
Row5459,1
Row5463,1
Row5464,1
Row5467,1
Row5468,1
Row5469,1
Row5470,1
Row5471,0
Row5473,0
Row5474,0
Row5478,1
Row5482,1
Row5483,1
Row5486,1
Row5491,1
Row5494,0
Row5495,1
Row5498,0
Row5500,1
Row5502,1
Row5505,1
Row5507,0
Row5509,1
Row5510,1
Row5511,1
Row5516,1
Row5521,1
Row5522,1
Row5524,1
Row5525,1
Row5526,1
Row5528,1
Row5533,1
Row5537,1
Row5538,1
Row5547,1
Row5549,1
Row5552,1
Row5553,1
Row5554,1
Row5555,1
Row5557,0
Row5559,1
Row5561,0
Row5562,1
Row5563,1
Row5567,1
Row5575,1
Row5576,1
Row5590,1
Row5591,1
Row5598,0
Row5599,0
Row5600,0
Row5601,1
Row5607,1
Row5616,1
Row5620,1
Row5621,1
Row5623,1
Row5628,1
Row5629,0
Row5630,0
Row5632,0
Row5634,1
Row5635,0
Row5640,0
Row5643,1
Row5646,1
Row5647,0
Row5648,1
Row5649,1
Row5652,1
Row5655,0
Row5656,1
Row5657,1
Row5658,1
Row5659,1
Row5661,1
Row5664,1
Row5668,1
Row5672,1
Row5674,1
Row5677,1
Row5683,1
Row5684,1
Row5685,0
Row5688,1
Row5689,1
Row5690,1
Row5691,1
Row5692,1
Row5697,0
Row5700,1
Row5702,0
Row5703,1
Row5704,0
Row5706,1
Row5710,1
Row5711,1
Row5712,1
Row5713,1
Row5716,0
Row5718,0
Row5719,1
Row5720,1
Row5722,1
Row5723,0
Row5724,1
Row5727,1
Row5728,1
Row5731,0
Row5735,1
Row5737,1
Row5741,1
Row5744,0
Row5745,0
Row5747,1
Row5749,0
Row5750,1
Row5751,1
Row5754,1
Row5755,0
Row5758,1
Row5759,0
Row5761,0
Row5762,0
Row5764,1
Row5765,1
Row5766,1
Row5768,1
Row5769,1
Row5771,1
Row5772,0
Row5773,1
Row5774,1
Row5775,1
Row5783,1
Row5784,1
Row5786,1
Row5787,1
Row5788,0
Row5789,0
Row5792,1
Row5798,1
Row5800,0
Row5801,1
Row5802,1
Row5803,1
Row5804,1
Row5805,0
Row5807,1
Row5808,1
Row5809,0
Row5810,1
Row5816,1
Row5817,1
Row5820,0
Row5821,0
Row5822,1
Row5826,0
Row5829,1
Row5830,1
Row5832,0
Row5836,1
Row5840,1
Row5841,0
Row5842,0
Row5846,0
Row5847,1
Row5848,1
Row5852,1
Row5855,1
Row5859,1
Row5860,1
Row5863,1
Row5864,1
Row5873,1
Row5877,1
Row5879,1
Row5880,1
Row5881,1
Row5883,1
Row5886,1
Row5887,0
Row5888,1
Row5889,0
Row5890,1
Row5891,1
Row5892,1
Row5893,1
Row5903,0
Row5905,1
Row5907,1
Row5908,0
Row5909,1
Row5911,1
Row5912,1
Row5914,0
Row5915,0
Row5916,1
Row5917,0
Row5918,1
Row5925,0
Row5937,1
Row5939,0
Row5946,1
Row5948,1
Row5951,1
Row5953,1
Row5954,1
Row5957,1
Row5958,1
Row5960,1
Row5961,1
Row5962,1
Row5963,1
Row5967,1
Row5969,0
Row5972,1
Row5976,1
Row5977,1
Row5981,1
Row5984,1
Row5987,1
Row5988,1
Row5993,1
Row5996,1
Row5997,1
Row5998,1
Row6002,0
Row6005,0
Row6006,1
Row6007,0
Row6008,1
Row6032,1
Row6035,0
Row6036,1
Row6039,1
Row6041,0
Row6043,0
Row6044,0
Row6045,1
Row6046,1
Row6048,1
Row6049,1
Row6051,1
Row6052,0
Row6057,1
Row6058,1
Row6060,1
Row6067,1
Row6068,1
Row6072,1
Row6076,1
Row6079,1
Row6083,1
Row6084,0
Row6086,1
Row6088,1
Row6089,0
Row6090,1
Row6092,1
Row6093,0
Row6094,1
Row6096,1
Row6097,1
Row6098,1
Row6099,1
Row6100,0
Row6102,0
Row6107,0
Row6111,1
Row6112,1
Row6113,1
Row6115,0
Row6123,1
Row6127,1
Row6129,1
Row6131,1
Row6132,0
Row6133,1
Row6135,1
Row6136,1
Row6137,1
Row6138,1
Row6139,0
Row6143,1
Row6152,1
Row6162,1
Row6163,1
Row6166,1
Row6167,0
Row6168,1
Row6169,0
Row6179,1
Row6180,1
Row6181,1
Row6184,0
Row6186,1
Row6187,0
Row6188,1
Row6189,0
Row6190,0
Row6192,1
Row6196,0
Row6197,1
Row6199,1
Row6201,0
Row6204,1
Row6205,1
Row6208,1
Row6213,0
Row6216,1
Row6223,0
Row6224,1
Row6225,1
Row6226,0
Row6228,0
Row6229,1
Row6230,1
Row6238,0
Row6246,0
Row6247,1
Row6248,1
Row6249,1
Row6256,1
Row6261,1
Row6262,1
Row6263,0
Row6265,1
Row6271,1
Row6272,1
Row6282,0
Row6285,1
Row6287,0
Row6288,1
Row6289,1
Row6291,0
Row6292,0
Row6293,1
Row6297,1
Row6298,0
Row6299,0
Row6301,1
Row6302,0
Row6304,0
Row6305,0
Row6307,1
Row6308,1
Row6309,0
Row6310,1
Row6311,1
Row6313,1
Row6315,1
Row6318,0
Row6320,0
Row6321,0
Row6326,1
Row6327,1
Row6328,0
Row6329,1
Row6335,1
Row6337,0
Row6340,1
Row6341,1
Row6342,0
Row6344,0
Row6345,0
Row6346,1
Row6348,1
Row6354,1
Row6358,0
Row6359,1
Row6363,0
Row6367,1
Row6377,1
Row6382,1
Row6385,1
Row6390,1
Row6401,1
Row6402,1
Row6405,1
Row6406,0
Row6408,0
Row6411,1
Row6412,1
Row6413,1
Row6416,1
Row6417,1
Row6420,1
Row6426,0
Row6428,1
Row6432,1
Row6433,1
Row6436,1
Row6437,1
Row6438,0
Row6442,0
Row6445,1
Row6446,1
Row6448,1
Row6450,1
Row6451,1
Row6452,1
Row6453,0
Row6454,1
Row6455,1
Row6464,1
Row6465,1
Row6468,1
Row6471,1
Row6473,0
Row6474,1
Row6478,0
Row6480,1
Row6481,1
Row6483,1
Row6487,1
Row6489,1
Row6490,1
Row6491,1
Row6492,1
Row6493,1
Row6495,1
Row6496,1
Row6498,1
Row6501,1
Row6505,1
Row6512,0
Row6521,0
Row6525,0
Row6526,0
Row6529,1
Row6531,1
Row6532,1
Row6533,1
Row6536,1
Row6540,1
Row6541,0
Row6543,1
Row6544,1
Row6550,0
Row6552,1
Row6560,1
Row6564,0
Row6566,1
Row6567,0
Row6568,1
Row6569,1
Row6577,1
Row6582,0
Row6584,0
Row6587,0
Row6595,1
Row6596,0
Row6598,1
Row6600,1
Row6601,1
Row6603,1
Row6605,1
Row6606,0
Row6611,1
Row6615,1
Row6616,1
Row6624,1
Row6626,0
Row6627,0
Row6629,1
Row6630,0
Row6631,0
Row6635,1
Row6637,1
Row6639,1
Row6643,1
Row6646,1
Row6647,0
Row6648,1
Row6649,0
Row6652,0
Row6653,1
Row6655,1
Row6657,1
Row6658,1
Row6659,1
Row6660,1
Row6661,1
Row6681,1
Row6686,1
Row6689,1
Row6696,0
Row6698,1
Row6699,0
Row6704,1
Row6706,1
Row6707,0
Row6708,1
Row6711,1
Row6716,1
Row6719,1
Row6720,1
Row6721,1
Row6724,0
Row6725,1
Row6728,1
Row6729,1
Row6732,1
Row6738,1
Row6739,1
Row6741,0
Row6743,1
Row6744,1
Row6746,1
Row6747,0
Row6748,1
Row6749,0
Row6750,0
Row6751,1
Row6752,1
Row6753,1
Row6754,1
Row6755,1
Row6759,1
Row6761,1
Row6763,1
Row6764,1
Row6768,1
Row6769,0
Row6771,1
Row6772,0
Row6773,0
Row6774,1
Row6777,1
Row6782,1
Row6783,1
Row6784,1
Row6785,0
Row6787,1
Row6788,1
Row6791,1
Row6796,1
Row6799,1
Row6803,1
Row6806,1
Row6808,0
Row6810,1
Row6811,1
Row6812,1
Row6815,1
Row6816,1
Row6819,0
Row6821,1
Row6822,1
Row6823,1
Row6824,1
Row6832,0
Row6834,1
Row6836,0
Row6841,0
Row6842,1
Row6844,0
Row6846,0
Row6847,1
Row6850,1
Row6851,1
Row6853,1
Row6854,1
Row6856,0
Row6857,1
Row6858,1
Row6864,1
Row6869,1
Row6871,1
Row6874,0
Row6875,1
Row6877,1
Row6882,1
Row6883,1
Row6884,1
Row6890,1
Row6891,1
Row6897,1
Row6899,0
Row6901,1
Row6903,0
Row6904,1
Row6905,0
Row6908,1
Row6909,1
Row6910,0
Row6913,1
Row6915,1
Row6917,1
Row6918,0
Row6921,1
Row6928,0
Row6929,0
Row6930,0
Row6932,1
Row6933,1
Row6934,1
Row6946,1
Row6951,1
Row6954,1
Row6955,0
Row6957,1
Row6958,1
Row6963,0
Row6968,1
Row6970,1
Row6975,1
Row6976,1
Row6979,0
Row6981,1
Row6987,1
Row6988,1
Row6996,1
Row7000,0
Row7003,0
Row7007,0
Row7008,1
Row7009,1
Row7011,0
Row7015,1
Row7016,0
Row7017,1
Row7022,1
Row7023,1
Row7026,1
Row7029,1
Row7032,1
Row7036,0
Row7037,1
Row7038,1
Row7039,1
Row7043,1
Row7046,1
Row7049,0
Row7054,0
Row7057,0
Row7069,1
Row7073,1
Row7074,0
Row7079,1
Row7080,1
Row7094,0
Row7095,1
Row7096,1
Row7099,1
Row7100,1
Row7103,1
Row7108,1
Row7114,1
Row7116,0
Row7121,1
Row7124,0
Row7126,0
Row7128,1
Row7131,1
Row7133,0
Row7134,1
Row7135,1
Row7137,1
Row7143,1
Row7147,1
Row7151,0
Row7152,0
Row7155,1
Row7156,1
Row7161,0
Row7163,1
Row7165,1
Row7167,1
Row7168,1
Row7169,0
Row7173,1
Row7175,1
Row7182,1
Row7192,0
Row7196,1
Row7199,1
Row7206,0
Row7207,0
Row7209,1
Row7214,1
Row7215,1
Row7217,0
Row7230,1
Row7234,1
Row7237,1
Row7238,1
Row7239,1
Row7240,1
Row7241,0
Row7247,1
Row7248,0
Row7252,1
Row7258,0
Row7259,1
Row7262,0
Row7265,0
Row7266,0
Row7273,1
Row7278,1
Row7281,0
Row7282,0
Row7283,1
Row7288,1
Row7298,1
Row7299,1
Row7308,1
Row7309,1
Row7316,0
Row7317,1
Row7319,1
Row7320,1
Row7321,0
Row7323,1
Row7324,1
Row7343,1
Row7344,1
Row7349,1
Row7353,0
Row7355,0
Row7357,0
Row7359,1
Row7360,1
Row7362,1
Row7364,0
Row7367,1
Row7370,1
Row7371,1
Row7372,0
Row7374,0
Row7375,1
Row7376,0
Row7378,1
Row7380,1
Row7381,1
Row7382,1
Row7383,0
Row7385,0
Row7389,0
Row7396,1
Row7397,1
Row7400,1
Row7403,1
Row7410,1
Row7411,1
Row7413,1
Row7422,1
Row7431,1
Row7434,0
Row7436,1
Row7437,1
Row7438,1
Row7441,1
Row7444,1
Row7445,1
Row7458,1
Row7459,1
Row7469,0
Row7470,1
Row7473,0
Row7482,1
Row7483,1
Row7485,1
Row7486,1
Row7489,1
Row7497,1
Row7498,0
Row7499,0
Row7504,1
Row7508,1
Row7509,1
Row7513,1
Row7521,1
Row7524,0
Row7525,0
Row7527,0
Row7528,1
Row7530,1
Row7531,0
Row7532,1
Row7535,1
Row7536,1
Row7537,1
Row7540,1
Row7542,1
Row7550,0
Row7552,0
Row7553,0
Row7563,1
Row7573,0
Row7574,0
Row7579,1
Row7580,1
Row7586,0
Row7596,1
Row7599,1
Row7606,1
Row7607,1
Row7609,1
Row7610,0
Row7616,0
Row7619,0
Row7624,0
Row7628,0
Row7629,0
Row7633,1
Row7635,0
Row7636,1
Row7637,0
Row7641,1
Row7646,0
Row7651,1
Row7652,1
Row7655,1
Row7656,0
Row7659,0
Row7664,0
Row7667,1
Row7673,1
Row7680,0
Row7681,0
Row7684,1
Row7685,1
Row7686,1
Row7688,1
Row7691,1
Row7692,1
Row7695,0
Row7697,1
Row7698,0
Row7700,0
Row7702,0
Row7706,1
Row7715,1
Row7716,1
Row7718,1
Row7720,1
Row7726,1
Row7727,1
Row7729,0
Row7734,1
Row7737,1
Row7740,1
Row7741,1
Row7746,1
Row7749,1
Row7755,1
Row7757,1
Row7762,1
Row7774,1
Row7782,1
Row7784,1
Row7789,1
Row7790,1
Row7791,1
Row7797,1
Row7800,1
Row7806,1
Row7809,0
Row7819,0
Row7825,1
Row7831,1
Row7833,1
Row7834,1
Row7837,1
Row7839,1
Row7840,1
Row7841,0
Row7850,0
Row7853,0
Row7856,1
Row7857,1
Row7859,1
Row7864,0
Row7877,1
Row7878,1
Row7879,1
Row7881,0
Row7882,0
Row7883,1
Row7887,0
Row7892,1
Row7894,1
Row7896,1
Row7899,0
Row7903,1
Row7907,1
Row7908,1
Row7909,0
Row7913,1
Row7917,1
Row7919,1
Row7921,1
Row7925,0
Row7926,0
Row7929,1
Row7939,1
Row7940,0
Row7941,1
Row7944,1
Row7946,1
Row7951,0
Row7953,1
Row7956,0
Row7961,1
Row7962,0
Row7963,1
Row7968,1
Row7981,0
Row7990,0
Row8003,1
Row8011,1
Row8015,0
Row8016,1
Row8018,1
Row8025,0
Row8030,1
Row8034,1
Row8041,0
Row8046,1
Row8047,0
Row8051,1
Row8060,0
Row8069,1
Row8070,1
Row8072,1
Row8077,1
Row8080,1
Row8082,0
Row8084,1
Row8085,1
Row8088,0
Row8090,1
Row8097,1
Row8102,1
Row8104,1
Row8105,0
Row8110,1
Row8116,1
Row8117,0
Row8118,1
Row8119,1
Row8120,0
Row8123,0
Row8130,1
Row8135,1
Row8147,1
Row8154,1
Row8161,1
Row8164,1
Row8165,1
Row8166,1
Row8168,1
Row8172,0
Row8173,1
Row8175,1
Row8178,1
Row8182,1
Row8188,1
Row8191,1
Row8194,1
Row8195,1
Row8202,0
Row8203,0
Row8205,1
Row8208,1
Row8209,0
Row8212,1
Row8215,1
Row8218,1
Row8220,0
Row8227,0
Row8232,1
Row8233,1
Row8235,0
Row8236,0
Row8238,1
Row8239,1
Row8240,0
Row8245,1
Row8248,1
Row8249,0
Row8255,1
Row8258,1
Row8264,0
Row8265,0
Row8269,0
Row8270,1
Row8271,1
Row8273,0
Row8274,1
Row8277,1
Row8278,1
Row8279,1
Row8282,1
Row8315,1
Row8317,0
Row8321,1
Row8322,1
Row8341,1
Row8342,1
Row8351,1
Row8356,1
Row8360,0
Row8370,0
Row8378,1
Row8387,1
Row8391,1
Row8392,0
Row8394,0
Row8396,1
Row8402,0
Row8404,1
Row8406,1
Row8414,0
Row8420,0
Row8426,1
Row8427,1
Row8429,1
Row8434,1
Row8446,0
Row8449,1
Row8450,0
Row8451,1
Row8455,1
Row8457,1
Row8464,1
Row8469,1
Row8470,1
Row8472,0
Row8485,1
Row8488,1
Row8489,1
Row8496,1
Row8498,0
Row8504,1
Row8508,1
Row8509,1
Row8514,1
Row8515,0
Row8524,0
Row8530,1
Row8534,1
Row8539,1
Row8545,0
Row8546,1
Row8551,0
Row8553,1
Row8554,0
Row8563,1
Row8567,1
Row8569,1
Row8571,0
Row8574,0
Row8577,1
Row8587,1
Row8597,0
Row8602,1
Row8605,0
Row8610,0
Row8612,1
Row8616,0
Row8621,0
Row8623,1
Row8630,0
Row8632,1
Row8633,1
Row8636,1
Row8641,0
Row8646,0
Row8647,1
Row8650,1
Row8653,1
Row8656,1
Row8665,0
Row8666,0
Row8667,1
Row8668,1
Row8677,1
Row8678,1
Row8680,1
Row8688,1
Row8689,1
Row8690,1
Row8692,1
Row8693,0
Row8699,0
Row8700,1
Row8702,1
Row8715,1
Row8716,0
Row8718,0
Row8721,1
Row8726,0
Row8727,1
Row8728,1
Row8730,0
Row8735,1
Row8742,1
Row8747,1
Row8748,0
Row8752,0
Row8755,1
Row8759,1
Row8764,0
Row8768,1
Row8777,0
Row8778,1
Row8784,0
Row8795,0
Row8802,1
Row8804,0
Row8805,0
Row8810,0
Row8815,1
Row8816,1
Row8820,1
Row8822,1
Row8832,1
Row8842,1
Row8843,1
Row8844,1
Row8845,1
Row8847,0
Row8849,0
Row8850,1
Row8853,1
Row8856,0
Row8858,0
Row8859,0
Row8861,0
Row8868,1
Row8870,0
Row8875,1
Row8876,1
Row8879,0
Row8880,1
Row8887,1
Row8890,1
Row8909,1
Row8911,1
Row8912,0
Row8919,1
Row8928,1
Row8931,1
Row8934,1
Row8939,0
Row8940,0
Row8943,0
Row8962,1
Row8965,1
Row8966,1
Row8968,1
Row8969,1
Row8970,1
Row8974,0
Row8977,1
Row8981,1
Row8982,1
Row8983,1
Row8990,1
Row8992,1
Row8998,1
Row9005,1
Row9008,0
Row9013,0
Row9015,0
Row9023,1
Row9028,1
Row9036,1
Row9038,1
Row9042,1
Row9043,0
Row9044,0
Row9048,1
Row9054,0
Row9058,1
Row9061,1
Row9065,1
Row9068,1
Row9082,1
Row9083,0
Row9084,1
Row9086,1
Row9088,1
Row9097,1
Row9101,0
Row9103,0
Row9104,1
Row9107,1
Row9108,1
Row9110,1
Row9113,0
Row9121,0
Row9125,1
Row9128,1
Row9132,0
Row9137,1
Row9141,0
Row9142,0
Row9152,1
Row9153,0
Row9155,1
Row9160,1
Row9161,0
Row9162,1
Row9163,1
Row9166,1
Row9167,1
Row9168,1
Row9170,1
Row9171,1
Row9173,1
Row9179,1
Row9181,1
Row9182,0
Row9191,1
Row9196,1
Row9199,0
Row9201,1
Row9203,1
Row9205,0
Row9206,1
Row9207,1
Row9208,0
Row9213,1
Row9216,1
Row9226,0
Row9234,1
Row9244,1
Row9245,1
Row9246,1
Row9247,1
Row9248,1
Row9249,0
Row9255,0
Row9260,0
Row9272,0
Row9274,0
Row9278,1
Row9293,0
Row9294,1
Row9297,1
Row9299,1
Row9305,1
Row9307,1
Row9310,1
Row9311,1
Row9316,1
Row9322,1
Row9325,1
Row9334,1
Row9339,1
Row9340,1
Row9341,1
Row9352,1
Row9354,1
Row9355,1
Row9356,1
Row9357,1
Row9359,0
Row9360,1
Row9363,1
Row9365,0
Row9367,0
Row9369,1
Row9370,1
Row9373,0
Row9376,1
Row9380,0
Row9383,1
Row9387,1
Row9389,1
Row9391,0
Row9394,1
Row9399,1
Row9400,1
Row9402,0
Row9403,1
Row9412,1
Row9413,0
Row9415,0
Row9416,0
Row9425,1
Row9428,1
Row9429,1
Row9431,1
Row9432,1
Row9438,0
Row9439,1
Row9440,1
Row9442,1
Row9443,1
Row9445,1
Row9450,1
Row9453,1
Row9454,1
Row9457,1
Row9458,1
Row9462,1
Row9465,1
Row9468,1
Row9478,1
Row9482,1
Row9483,1
Row9490,1
Row9492,1
Row9493,1
Row9496,0
Row9497,1
Row9507,0
Row9509,0
Row9510,1
Row9511,1
Row9512,1
Row9513,1
Row9515,1
Row9519,1
Row9522,0
Row9524,0
Row9525,1
Row9527,0
Row9530,1
Row9535,1
Row9543,0
Row9545,0
Row9546,1
Row9549,0
Row9556,1
Row9558,1
Row9559,1
Row9560,1
Row9561,0
Row9566,1
Row9567,1
Row9568,0
Row9571,0
Row9578,1
Row9579,1
Row9580,1
Row9581,1
Row9583,1
Row9592,1
Row9595,0
Row9603,0
Row9606,1
Row9614,1
Row9616,0
Row9617,1
Row9621,1
Row9623,1
Row9624,0
Row9625,1
Row9630,1
Row9633,0
Row9636,1
Row9640,1
Row9642,0
Row9643,1
Row9644,0
Row9645,0
Row9647,1
Row9649,1
Row9651,1
Row9653,1
Row9657,0
Row9660,1
Row9666,1
Row9667,1
Row9670,1
Row9672,1
Row9681,1
Row9682,0
Row9684,1
Row9687,1
Row9700,1
Row9701,1
Row9702,1
Row9703,1
Row9704,1
Row9706,0
Row9708,1
Row9710,1
Row9711,1
Row9721,1
Row9727,1
Row9731,1
Row9733,0
Row9737,1
Row9742,1
Row9743,1
Row9747,1
Row9748,1
Row9750,1
Row9752,1
Row9753,1
Row9754,1
Row9757,1
Row9760,1
Row9761,0
Row9762,1
Row9763,1
Row9764,0
Row9765,0
Row9775,0
Row9778,0
Row9780,0
Row9796,1
Row9799,0
Row9802,0
Row9803,1
Row9804,1
Row9809,0
Row9810,1
Row9812,0
Row9820,1
Row9821,0
Row9825,0
Row9833,0
Row9837,1
Row9838,1
Row9840,1
Row9841,1
Row9842,0
Row9843,0
Row9848,1
Row9852,1
Row9858,1
Row9860,0
Row9861,0
Row9868,1
Row9872,0
Row9876,1
Row9878,1
Row9882,1
Row9884,0
Row9885,1
Row9893,1
Row9894,1
Row9897,1
Row9904,1
Row9905,1
Row9909,1
Row9910,1
Row9911,1
Row9914,1
Row9916,1
Row9917,1
Row9919,1
Row9921,1
Row9924,1
Row9929,1
Row9932,1
Row9936,0
Row9937,1
Row9938,1
Row9943,1
Row9945,1
Row9948,0
Row9949,0
Row9954,0
Row9956,0
Row9958,1
Row9961,1
Row9962,1
Row9963,0
Row9967,0
Row9971,0
Row9973,1
Row9980,1
Row9982,1
Row9984,1
Row9988,1
Row9991,1
Row9992,1
Row9995,1
Row9997,1
Row9998,1
Row10006,1
Row10007,1
Row10009,1
Row10012,0
Row10016,1
Row10017,1
Row10019,1
Row10022,1
Row10024,0
Row10026,0
Row10027,1
Row10039,1
Row10043,0
Row10053,1
Row10054,1
Row10057,0
Row10058,1
Row10062,1
Row10063,0
Row10064,1
Row10066,0
Row10068,0
Row10074,1
Row10075,1
Row10076,1
Row10077,1
Row10078,0
Row10080,1
Row10085,1
Row10094,1
Row10103,1
Row10106,0
Row10107,1
Row10109,1
Row10112,1
Row10116,1
Row10122,1
Row10125,0
Row10126,1
Row10137,1
Row10138,1
Row10139,1
Row10145,0
Row10146,1
Row10147,1
Row10150,1
Row10152,1
Row10153,1
Row10154,0
Row10157,1
Row10158,1
Row10159,1
Row10164,1
Row10168,1
Row10170,1
Row10171,0
Row10179,1
Row10182,0
Row10185,1
Row10190,1
Row10191,1
Row10197,0
Row10200,1
Row10204,0
Row10205,1
Row10208,1
Row10211,1
Row10212,1
Row10214,1
Row10215,1
Row10216,1
Row10217,0
Row10218,0
Row10222,1
Row10225,1
Row10227,0
Row10228,1
Row10231,1
Row10233,1
Row10236,0
Row10241,0
Row10246,1
Row10249,1
Row10253,1
Row10257,1
Row10259,0
Row10263,1
Row10273,1
Row10274,1
Row10282,0
Row10287,1
Row10296,0
Row10301,0
Row10308,1
Row10309,0
Row10313,1
Row10314,1
Row10319,1
Row10320,1
Row10323,0
Row10324,1
Row10326,1
Row10330,0
Row10331,1
Row10333,0
Row10334,1
Row10335,1
Row10337,1
Row10338,1
Row10339,1
Row10340,1
Row10342,1
Row10349,0
Row10352,0
Row10358,1
Row10359,1
Row10360,0
Row10364,1
Row10368,1
Row10369,1
Row10371,1
Row10374,0
Row10375,1
Row10376,1
Row10378,1
Row10380,1
Row10382,1
Row10386,1
Row10391,0
Row10393,1
Row10395,1
Row10396,0
Row10398,0
Row10399,1
Row10402,0
Row10405,1
Row10407,0
Row10408,1
Row10417,1
Row10419,1
Row10421,1
Row10424,1
Row10427,0
Row10428,1
Row10431,1
Row10432,1
Row10439,1
Row10440,1
Row10441,1
Row10444,0
Row10447,1
Row10459,1
Row10461,1
Row10463,1
Row10466,0
Row10476,0
Row10487,1
Row10490,1
Row10491,0
Row10493,0
Row10494,1
Row10497,0
Row10504,0
Row10506,1
Row10509,0
Row10510,0
Row10515,1
Row10517,0
Row10518,1
Row10522,1
Row10529,1
Row10532,0
Row10535,1
Row10536,0
Row10537,0
Row10538,1
Row10539,1
Row10540,0
Row10541,1
Row10543,1
Row10545,1
Row10546,1
Row10552,1
Row10555,1
Row10556,0
Row10563,1
Row10565,1
Row10570,0
Row10579,1
Row10592,0
Row10593,1
Row10594,1
Row10600,1
Row10614,1
Row10615,0
Row10616,1
Row10618,0
Row10621,0
Row10622,1
Row10624,1
Row10627,1
Row10629,1
Row10636,1
Row10637,1
Row10641,1
Row10646,0
Row10651,1
Row10664,1
Row10665,0
Row10667,1
Row10676,1
Row10678,1
Row10683,1
Row10684,1
Row10688,1
Row10697,0
Row10698,1
Row10702,1
Row10708,1
Row10714,1
Row10715,1
Row10716,1
Row10718,0
Row10719,0
Row10720,1
Row10727,1
Row10728,1
Row10729,1
Row10730,1
Row10732,0
Row10734,1
Row10735,1
Row10740,1
Row10743,1
Row10750,1
Row10753,1
Row10755,1
Row10758,1
Row10759,0
Row10765,1
Row10769,1
Row10772,0
Row10774,0
Row10776,1
Row10777,1
Row10778,1
Row10782,0
Row10784,1
Row10788,1
Row10792,0
Row10798,0
Row10799,1
Row10802,1
Row10803,0
Row10805,1
Row10807,1
Row10808,1
Row10810,1
Row10811,0
Row10816,1
Row10820,1
Row10821,0
Row10828,1
Row10831,1
Row10832,0
Row10833,1
Row10835,1
Row10836,1
Row10842,1
Row10847,0
Row10848,1
Row10851,1
Row10854,1
Row10856,1
Row10858,0
Row10862,0
Row10863,1
Row10864,1
Row10867,0
Row10885,1
Row10895,0
Row10897,1
Row10898,0
Row10899,0
Row10900,1
Row10901,1
Row10906,1
Row10911,1
Row10913,0
Row10919,0
Row10921,1
Row10922,1
Row10923,0
Row10925,1
Row10933,1
Row10934,0
Row10945,0
Row10951,0
Row10956,1
Row10957,0
Row10960,1
Row10965,1
Row10966,1
Row10971,1
Row10973,0
Row10974,1
Row10978,1
Row10980,1
Row10990,0
Row10991,0
Row10993,1
Row11002,1
Row11004,0
Row11019,1
Row11020,1
Row11024,1
Row11025,1
Row11028,1
Row11040,1
Row11044,0
Row11046,0
Row11049,1
Row11052,1
Row11055,1
Row11056,1
Row11057,0
Row11059,1
Row11060,0
Row11063,1
Row11069,1
Row11073,1
Row11078,1
Row11086,1
Row11095,1
Row11096,1
Row11099,0
Row11100,1
Row11103,1
Row11104,1
Row11105,1
Row11114,0
Row11115,1
Row11126,1
Row11131,1
Row11133,1
Row11135,0
Row11138,1
Row11140,1
Row11142,1
Row11147,1
Row11149,0
Row11150,0
Row11152,1
Row11153,1
Row11154,1
Row11156,0
Row11159,0
Row11160,1
Row11161,0
Row11162,1
Row11163,1
Row11164,0
Row11165,1
Row11166,0
Row11167,1
Row11169,1
Row11171,0
Row11172,1
Row11174,1
Row11180,1
Row11182,0
Row11195,1
Row11196,0
Row11199,0
Row11208,0
Row11209,1
Row11210,1
Row11211,1
Row11214,0
Row11216,1
Row11218,1
Row11220,1
Row11222,0
Row11224,1
Row11225,1
Row11226,1
Row11227,1
Row11228,1
Row11230,1
Row11232,1
Row11239,1
Row11241,1
Row11247,1
Row11248,0
Row11249,1
Row11256,1
Row11262,1
Row11268,1
Row11270,0
Row11272,1
Row11274,0
Row11283,0
Row11286,1
Row11287,1
Row11297,1
Row11298,1
Row11300,0
Row11302,0
Row11306,0
Row11314,0
Row11318,1
Row11321,1
Row11323,0
Row11324,1
Row11328,0
Row11335,1
Row11336,1
Row11338,0
Row11339,1
Row11342,0
Row11346,0
Row11348,1
Row11350,1
Row11353,1
Row11355,0
Row11360,0
Row11368,1
Row11369,0
Row11371,1
Row11372,1
Row11374,1
Row11375,1
Row11378,0
Row11379,0
Row11381,0
Row11393,1
Row11397,1
Row11398,1
Row11400,0
Row11402,1
Row11405,1
Row11413,0
Row11418,1
Row11426,0
Row11428,0
Row11446,1
Row11448,1
Row11450,1
Row11452,0
Row11455,1
Row11458,1
Row11461,0
Row11469,1
Row11471,1
Row11472,1
Row11485,1
Row11486,1
Row11490,0
Row11491,1
Row11493,1
Row11494,1
Row11496,1
Row11497,1
Row11499,1
Row11500,0
Row11513,1
Row11517,1
Row11520,0
Row11525,1
Row11527,1
Row11529,1
Row11538,0
Row11540,0
Row11542,0
Row11543,0
Row11559,1
Row11566,1
Row11567,1
Row11569,0
Row11570,1
Row11580,1
Row11582,1
Row11583,1
Row11584,0
Row11586,0
Row11600,0
Row11606,1
Row11607,1
Row11609,1
Row11614,1
Row11616,1
Row11617,1
Row11620,1
Row11621,0
Row11624,1
Row11625,1
Row11636,1
Row11637,1
Row11638,1
Row11640,1
Row11645,0
Row11647,0
Row11649,1
Row11650,1
Row11651,0
Row11652,1
Row11656,1
Row11661,0
Row11662,1
Row11664,0
Row11665,1
Row11667,1
Row11669,1
Row11670,0
Row11671,1
Row11672,0
Row11673,1
Row11677,0
Row11682,1
Row11684,1
Row11687,1
Row11688,1
Row11690,1
Row11692,1
Row11698,1
Row11700,1
Row11704,1
Row11706,0
Row11708,1
Row11711,1
Row11715,0
Row11716,1
Row11718,1
Row11720,0
Row11726,0
Row11728,1
Row11729,1
Row11730,1
Row11731,1
Row11733,0
Row11738,1
Row11739,1
Row11744,1
Row11747,1
Row11751,0
Row11754,1
Row11760,0
Row11762,1
Row11763,1
Row11766,1
Row11784,1
Row11794,1
Row11795,0
Row11796,1
Row11798,1
Row11800,1
Row11804,1
Row11806,1
Row11810,1
Row11811,1
Row11812,0
Row11813,0
Row11815,1
Row11820,1
Row11822,1
Row11826,1
Row11828,1
Row11833,1
Row11836,1
Row11844,0
Row11850,1
Row11851,1
Row11852,0
Row11854,1
Row11855,1
Row11856,0
Row11858,1
Row11864,1
Row11877,1
Row11882,0
Row11886,0
Row11887,0
Row11890,1
Row11898,1
Row11899,0
Row11902,1
Row11904,1
Row11907,1
Row11914,1
Row11915,1
Row11916,1
Row11920,1
Row11923,1
Row11924,1
Row11926,1
Row11927,0
Row11929,0
Row11930,0
Row11933,0
Row11936,0
Row11939,1
Row11942,1
Row11943,1
Row11944,0
Row11945,1
Row11948,1
Row11950,1
Row11951,1
Row11953,1
Row11956,0
Row11966,1
Row11983,1
Row11984,0
Row11986,1
Row11991,1
Row11992,0
Row11993,1
Row12002,1
Row12003,1
Row12006,0
Row12009,1
Row12014,0
Row12015,0
Row12016,0
Row12017,1
Row12018,1
Row12020,0
Row12021,0
Row12025,1
Row12026,1
Row12027,1
Row12032,1
Row12038,1
Row12039,1
Row12041,0
Row12043,1
Row12049,1
Row12051,1
Row12053,1
Row12054,1
Row12056,0
Row12058,1
Row12066,1
Row12067,0
Row12079,1
Row12080,1
Row12082,1
Row12083,1
Row12084,1
Row12085,1
Row12090,1
Row12094,1
Row12095,0
Row12096,1
Row12097,0
Row12098,1
Row12099,1
Row12100,0
Row12104,0
Row12105,1
Row12106,1
Row12108,1
Row12114,0
Row12116,0
Row12117,0
Row12118,0
Row12119,1
Row12120,1
Row12121,0
Row12129,1
Row12133,1
Row12135,0
Row12136,1
Row12137,0
Row12142,1
Row12145,1
Row12153,1
Row12154,0
Row12167,0
Row12170,0
Row12172,1
Row12174,0
Row12176,1
Row12183,1
Row12184,1
Row12189,0
Row12190,1
Row12192,1
Row12194,1
Row12197,0
Row12201,0
Row12212,1
Row12213,0
Row12214,0
Row12215,1
Row12225,1
Row12226,1
Row12227,1
Row12229,1
Row12234,0
Row12235,1
Row12237,1
Row12241,0
Row12248,1
Row12249,1
Row12252,1
Row12253,0
Row12254,1
Row12258,0
Row12259,0
Row12263,0
Row12265,1
Row12266,1
Row12268,1
Row12269,1
Row12272,0
Row12280,1
Row12281,1
Row12286,1
Row12288,0
Row12293,1
Row12294,0
Row12296,1
Row12297,0
Row12299,0
Row12307,1
Row12310,1
Row12313,1
Row12316,1
Row12321,1
Row12326,1
Row12330,0
Row12331,1
Row12335,1
Row12338,1
Row12339,1
Row12340,1
Row12343,1
Row12352,1
Row12357,1
Row12363,1
Row12364,0
Row12365,1
Row12370,1
Row12381,1
Row12389,1
Row12394,1
Row12398,1
Row12399,0
Row12402,1
Row12404,1
Row12405,0
Row12408,0
Row12410,1
Row12414,1
Row12419,1
Row12420,1
Row12422,1
Row12426,0
Row12427,1
Row12432,1
Row12434,1
Row12441,1
Row12445,1
Row12446,1
Row12451,1
Row12455,0
Row12459,1
Row12461,1
Row12466,1
Row12467,0
Row12471,0
Row12473,0
Row12475,0
Row12485,1
Row12486,1
Row12493,1
Row12494,0
Row12495,0
Row12500,0
Row12508,1
Row12511,1
Row12512,1
Row12513,1
Row12520,1
Row12522,1
Row12523,0
Row12524,0
Row12528,1
Row12530,1
Row12531,0
Row12546,0
Row12547,0
Row12554,1
Row12565,1
Row12568,1
Row12571,1
Row12572,1
Row12585,1
Row12587,1
Row12591,0
Row12595,1
Row12596,1
Row12597,1
Row12604,1
Row12605,1
Row12607,0
Row12613,1
Row12623,0
Row12628,0
Row12630,1
Row12633,1
Row12637,1
Row12645,1
Row12648,0
Row12665,1
Row12666,1
Row12670,1
Row12671,1
Row12672,1
Row12679,1
Row12680,1
Row12685,0
Row12686,1
Row12691,0
Row12692,1
Row12696,0
Row12697,0
Row12700,0
Row12702,1
Row12706,1
Row12707,1
Row12710,1
Row12711,1
Row12713,0
Row12729,1
Row12730,1
Row12734,0
Row12735,1
Row12740,1
Row12742,1
Row12744,1
Row12745,1
Row12747,1
Row12748,1
Row12751,1
Row12754,1
Row12756,0
Row12764,1
Row12768,1
Row12770,1
Row12773,1
Row12774,1
Row12780,1
Row12781,0
Row12784,0
Row12785,0
Row12787,1
Row12790,1
Row12791,0
Row12793,1
Row12799,1
Row12801,0
Row12803,1
Row12820,0
Row12821,1
Row12826,0
Row12829,1
Row12831,1
Row12839,0
Row12841,1
Row12844,1
Row12846,0
Row12852,1
Row12853,1
Row12854,1
Row12869,1
Row12884,0
Row12900,1
Row12901,0
Row12902,1
Row12905,1
Row12906,1
Row12909,0
Row12912,1
Row12913,0
Row12917,0
Row12918,0
Row12930,1
Row12932,0
Row12939,1
Row12942,1
Row12969,1
Row12972,1
Row12975,0
Row12981,1
Row12982,1
Row12986,1
Row12989,1
Row12991,1
Row12994,1
Row12998,1
Row13002,1
Row13005,1
Row13006,1
Row13012,1
Row13013,0
Row13017,0
Row13034,0
Row13037,1
Row13043,1
Row13045,1
Row13048,1
Row13051,1
Row13055,0
Row13056,1
Row13068,1
Row13075,1
Row13076,1
Row13079,1
Row13085,1
Row13087,1
Row13098,1
Row13106,0
Row13107,1
Row13108,0
Row13112,1
Row13115,1
Row13116,1
Row13122,1
Row13123,0
Row13126,1
Row13127,1
Row13130,1
Row13131,1
Row13134,1
Row13136,1
Row13143,0
Row13145,0
Row13150,1
Row13155,1
Row13158,0
Row13159,0
Row13160,0
Row13170,0
Row13174,0
Row13175,1
Row13178,0
Row13179,1
Row13181,0
Row13191,1
Row13197,1
Row13198,1
Row13200,1
Row13202,0
Row13203,1
Row13205,0
Row13209,0
Row13210,1
Row13212,1
Row13213,1
Row13214,1
Row13215,1
Row13217,1
Row13220,1
Row13227,1
Row13238,1
Row13241,1
Row13242,0
Row13243,1
Row13250,1
Row13252,0
Row13253,1
Row13254,1
Row13255,1
Row13256,0
Row13262,1
Row13268,1
Row13270,1
Row13271,1
Row13275,1
Row13276,0
Row13282,0
Row13283,0
Row13284,0
Row13286,1
Row13291,1
Row13292,0
Row13294,1
Row13295,0
Row13300,0
Row13302,0
Row13305,0
Row13306,0
Row13307,1
Row13309,1
Row13313,1
Row13314,0
Row13315,0
Row13316,1
Row13319,1
Row13333,1
Row13335,1
Row13340,1
Row13342,0
Row13343,0
Row13345,1
Row13347,1
Row13349,1
Row13350,1
Row13354,0
Row13356,1
Row13359,1
Row13360,1
Row13366,0
Row13367,0
Row13371,1
Row13375,1
Row13380,0
Row13381,1
Row13382,1
Row13385,1
Row13386,0
Row13387,1
Row13388,1
Row13390,0
Row13392,1
Row13393,1
Row13395,1
Row13396,0
Row13399,1
Row13403,0
Row13404,0
Row13409,1
Row13412,1
Row13415,1
Row13418,0
Row13424,1
Row13427,1
Row13430,1
Row13433,0
Row13434,1
Row13435,0
Row13437,0
Row13442,1
Row13444,0
Row13446,1
Row13449,1
Row13450,0
Row13451,1
Row13452,1
Row13454,1
Row13461,0
Row13463,1
Row13465,0
Row13466,1
Row13474,1
Row13475,0
Row13483,1
Row13484,0
Row13490,1
Row13493,1
Row13494,1
Row13495,1
Row13498,1
Row13501,1
Row13506,0
Row13518,1
Row13519,1
Row13522,1
Row13528,1
Row13529,1
Row13531,1
Row13534,1
Row13535,1
Row13537,1
Row13538,1
Row13541,1
Row13544,0
Row13545,1
Row13552,0
Row13556,1
Row13560,1
Row13566,0
Row13570,1
Row13571,1
Row13574,0
Row13589,1
Row13592,1
Row13593,1
Row13598,1
Row13599,1
Row13604,1
Row13606,1
Row13609,1
Row13613,1
Row13614,1
Row13617,0
Row13623,0
Row13625,1
Row13626,0
Row13647,1
Row13651,1
Row13652,0
Row13656,0
Row13671,1
Row13673,1
Row13682,1
Row13686,1
Row13687,1
Row13689,0
Row13690,1
Row13692,0
Row13703,1
Row13718,1
Row13719,1
Row13726,1
Row13741,1
Row13746,1
Row13747,0
Row13772,1
Row13773,0
Row13774,1
Row13776,1
Row13779,1
Row13784,1
Row13787,1
Row13788,0
Row13792,1
Row13793,1
Row13794,1
Row13795,1
Row13796,1
Row13800,1
Row13801,1
Row13806,1
Row13810,1
Row13812,1
Row13813,1
Row13836,0
Row13837,1
Row13840,1
Row13841,1
Row13845,1
Row13848,1
Row13862,1
Row13863,1
Row13865,0
Row13869,1
Row13870,1
Row13872,1
Row13878,1
Row13880,1
Row13883,1
Row13884,1
Row13889,0
Row13890,1
Row13899,0
Row13902,1
Row13905,1
Row13907,1
Row13914,1
Row13915,1
Row13925,0
Row13928,1
Row13929,1
Row13930,1
Row13932,1
Row13941,1
Row13945,0
Row13946,1
Row13952,0
Row13953,1
Row13966,1
Row13971,1
Row13974,1
Row13977,1
Row13981,1
Row13983,1
Row13984,1
Row13989,1
Row14002,1
Row14003,0
Row14012,1
Row14014,0
Row14015,1
Row14016,1
Row14018,0
Row14022,1
Row14024,1
Row14026,1
Row14027,1
Row14033,1
Row14038,1
Row14044,1
Row14045,0
Row14048,0
Row14053,1
Row14058,0
Row14071,1
Row14074,1
Row14076,1
Row14081,1
Row14082,0
Row14083,1
Row14090,1
Row14096,1
Row14097,1
Row14098,1
Row14099,1
Row14103,1
Row14105,1
Row14109,0
Row14112,0
Row14114,0
Row14115,1
Row14117,1
Row14120,1
Row14121,1
Row14123,1
Row14125,1
Row14129,1
Row14131,1
Row14132,0
Row14145,0
Row14146,1
Row14147,1
Row14149,1
Row14153,1
Row14157,1
Row14158,1
Row14164,1
Row14166,1
Row14176,0
Row14179,1
Row14181,0
Row14186,1
Row14189,0
Row14190,1
Row14194,1
Row14201,1
Row14203,1
Row14209,1
Row14212,1
Row14216,1
Row14222,1
Row14223,1
Row14225,1
Row14228,1
Row14229,1
Row14230,1
Row14234,1
Row14236,0
Row14240,1
Row14242,1
Row14264,0
Row14267,1
Row14279,0
Row14283,1
Row14289,1
Row14291,1
Row14315,1
Row14317,0
Row14332,1
Row14333,1
Row14334,1
Row14335,1
Row14336,1
Row14339,0
Row14345,0
Row14347,1
Row14365,1
Row14366,0
Row14376,1
Row14378,0
Row14381,1
Row14387,1
Row14388,1
Row14392,1
Row14397,1
Row14401,1
Row14403,1
Row14409,0
Row14411,0
Row14414,1
Row14417,1
Row14421,0
Row14426,1
Row14431,1
Row14433,0
Row14450,0
Row14454,0
Row14458,1
Row14463,0
Row14468,1
Row14471,1
Row14474,1
Row14476,1
Row14478,1
Row14479,1
Row14487,0
Row14492,1
Row14493,1
Row14494,0
Row14495,0
Row14496,1
Row14497,1
Row14505,1
Row14506,0
Row14510,0
Row14511,1
Row14512,1
Row14515,0
Row14517,0
Row14518,1
Row14519,0
Row14520,0
Row14524,1
Row14525,1
Row14527,1
Row14534,1
Row14536,1
Row14540,0
Row14546,1
Row14548,0
Row14549,0
Row14550,1
Row14554,1
Row14560,1
Row14579,1
Row14580,0
Row14584,0
Row14586,0
Row14587,0
Row14591,1
Row14592,1
Row14596,1
Row14603,1
Row14605,1
Row14607,1
Row14611,1
Row14614,1
Row14616,1
Row14617,1
Row14618,1
Row14625,1
Row14626,1
Row14631,1
Row14644,1
Row14646,0
Row14649,0
Row14650,1
Row14665,1
Row14669,0
Row14672,0
Row14683,1
Row14690,1
Row14691,1
Row14704,1
Row14709,1
Row14715,1
Row14716,1
Row14718,0
Row14719,0
Row14721,1
Row14723,1
Row14726,1
Row14727,0
Row14729,0
Row14731,1
Row14734,1
Row14735,0
Row14736,0
Row14748,1
Row14752,1
Row14753,1
Row14764,0
Row14774,1
Row14775,0
Row14776,1
Row14789,1
Row14796,1
Row14802,1
Row14806,1
Row14807,1
Row14809,1
Row14810,1
Row14811,1
Row14813,1
Row14816,0
Row14819,1
Row14820,1
Row14825,1
Row14828,1
Row14833,1
Row14837,1
Row14847,1
Row14857,1
Row14858,1
Row14859,1
Row14860,1
Row14868,0
Row14885,0
Row14888,1
Row14889,1
Row14891,1
Row14892,1
Row14893,0
Row14895,1
Row14898,1
Row14904,0
Row14905,0
Row14906,0
Row14910,1
Row14913,1
Row14914,1
Row14915,0
Row14916,1
Row14917,1
Row14920,1
Row14922,0
Row14928,1
Row14930,1
Row14941,1
Row14945,1
Row14947,1
Row14958,1
Row14959,1
Row14964,1
Row14965,1
Row14977,1
Row14978,1
Row14984,1
Row14985,0
Row14986,0
Row14989,1
Row14990,1
Row15002,1
Row15015,1
Row15018,1
Row15022,1
Row15023,1
Row15025,1
Row15027,0
Row15030,1
Row15033,1
Row15034,1
Row15036,1
Row15038,0
Row15040,1
Row15041,1
Row15050,1
Row15052,1
Row15053,1
Row15054,1
Row15058,0
Row15060,1
Row15061,1
Row15068,1
Row15077,1
Row15083,1
Row15084,1
Row15102,1
Row15105,1
Row15107,0
Row15110,1
Row15114,1
Row15115,1
Row15119,1
Row15120,1
Row15124,1
Row15125,1
Row15128,0
Row15131,1
Row15132,1
Row15136,0
Row15141,0
Row15142,0
Row15143,1
Row15154,1
Row15160,1
Row15161,0
Row15162,0
Row15168,1
Row15169,1
Row15170,1
Row15175,1
Row15197,1
Row15201,0
Row15209,1
Row15218,0
Row15220,1
Row15223,0
Row15236,0
Row15244,1
Row15245,1
Row15252,1
Row15255,0
Row15258,0
Row15261,1
Row15263,1
Row15267,0
Row15268,1
Row15270,0
Row15271,1
Row15276,0
Row15279,0
Row15303,0
Row15306,0
Row15312,0
Row15322,1
Row15325,1
Row15328,1
Row15331,1
Row15334,0
Row15336,0
Row15337,0
Row15338,0
Row15342,1
Row15346,1
Row15368,1
Row15371,1
Row15388,1
Row15393,1
Row15401,1
Row15412,1
Row15413,0
Row15424,1
Row15426,0
Row15429,0
Row15432,1
Row15435,1
Row15441,1
Row15444,0
Row15449,1
Row15451,1
Row15455,1
Row15456,1
Row15472,1
Row15476,1
Row15487,0
Row15489,1
Row15490,0
Row15491,1
Row15492,1
Row15494,1
Row15503,1
Row15519,0
Row15521,1
Row15556,0
Row15565,1
Row15567,1
Row15571,1
Row15577,0
Row15585,1
Row15586,0
Row15590,0
Row15591,1
Row15593,1
Row15595,1
Row15598,1
Row15603,0
Row15604,1
Row15605,1
Row15623,1
Row15626,0
Row15636,0
Row15638,0
Row15651,1
Row15659,1
Row15660,0
Row15661,1
Row15676,1
Row15677,1
Row15679,0
Row15683,1
Row15686,1
Row15708,0
Row15711,1
Row15712,1
Row15715,1
Row15716,1
Row15722,1
Row15731,1
Row15740,1
Row15743,1
Row15744,1
Row15749,0
Row15752,1
Row15755,0
Row15757,1
Row15763,0
Row15773,1
Row15795,0
Row15800,1
Row15804,1
Row15813,1
Row15815,1
Row15816,1
Row15817,1
Row15818,1
Row15824,1
Row15837,1
Row15839,1
Row15841,1
Row15842,0
Row15844,1
Row15848,0
Row15853,1
Row15858,0
Row15863,0
Row15865,1
Row15866,1
Row15879,1
Row15894,1
Row15895,1
Row15897,0
Row15905,0
Row15908,1
Row15909,1
Row15921,0
Row15922,1
Row15923,1
Row15932,1
Row15935,0
Row15940,1
Row15945,1
Row15946,0
Row15948,1
Row15950,0
Row15971,1
Row15972,1
Row15982,1
Row15988,1
Row15991,1
Row15994,1
Row15996,1
Row16000,0
Row16005,1
Row16013,1
Row16014,1
Row16016,1
Row16018,1
Row16019,1
Row16021,1
Row16022,1
Row16025,1
Row16027,0
Row16030,1
Row16044,1
Row16058,0
Row16062,1
Row16068,1
Row16072,1
Row16080,1
Row16083,0
Row16084,1
Row16086,1
Row16089,1
Row16090,1
Row16091,1
Row16101,0
Row16106,1
Row16111,1
Row16131,1
Row16132,1
Row16142,1
Row16147,0
Row16148,1
Row16149,1
Row16151,0
Row16174,1
Row16185,1
Row16187,1
Row16220,0
Row16225,1
Row16226,1
Row16227,0
Row16242,1
Row16244,1
Row16248,0
Row16250,0
Row16255,0
Row16259,0
Row16260,1
Row16270,1
Row16273,1
Row16278,1
Row16285,0
Row16297,1
Row16299,1
Row16300,1
Row16302,1
Row16303,1
Row16308,1
Row16309,1
Row16320,1
Row16331,0
Row16334,1
Row16341,1
Row16351,0
Row16352,1
Row16358,1
Row16361,1
Row16362,1
Row16377,1
Row16379,1
Row16380,1
Row16382,1
Row16383,1
Row16403,1
Row16410,1
Row16413,0
Row16414,1
Row16418,1
Row16420,0
Row16421,1
Row16423,0
Row16425,1
Row16431,1
Row16441,1
Row16446,1
Row16452,1
Row16454,1
Row16460,0
Row16463,1
Row16464,1
Row16468,0
Row16472,0
Row16479,1
Row16482,1
Row16484,0
Row16485,0
Row16488,0
Row16494,1
Row16496,0
Row16499,1
Row16501,1
Row16502,0
Row16515,1
Row16519,1
Row16550,1
Row16552,0
Row16557,1
Row16561,1
Row16565,1
Row16567,1
Row16580,1
Row16587,1
Row16594,0
Row16601,1
Row16604,1
Row16618,1
Row16621,1
Row16626,1
Row16633,0
Row16636,0
Row16655,1
Row16683,1
Row16689,1
Row16694,1
Row16701,1
Row16722,1
Row16735,1
Row16739,1
Row16741,0
Row16743,1
Row16746,0
Row16750,1
Row16759,0
Row16763,1
Row16764,1
Row16765,0
Row16773,1
Row16776,1
Row16779,1
Row16783,1
Row16784,1
Row16801,1
Row16802,1
Row16807,0
Row16809,1
Row16811,1
Row16815,1
Row16841,1
Row16843,1
Row16844,0
Row16847,1
Row16868,1
Row16877,0
Row16886,1
Row16897,1
Row16899,1
Row16920,0
Row16926,1
Row16927,1
Row16929,0
Row16938,0
Row16948,1
Row16949,0
Row16953,1
Row16957,1
Row16958,0
Row16960,1
Row16963,1
Row16964,1
Row16968,1
Row17013,1
Row17015,1
Row17022,0
Row17035,1
Row17060,1
Row17078,1
Row17081,1
Row17086,1
Row17090,0
Row17091,1
Row17106,0
Row17110,1
Row17137,1
Row17140,1
Row17142,1
Row17144,0
Row17153,1
Row17161,1
Row17165,1
Row17170,1
Row17178,1
Row17182,1
Row17196,0
Row17198,1
Row17236,1
Row17244,1
Row17250,1
Row17251,1
Row17275,0
Row17295,1
Row17296,1
Row17301,0
Row17309,1
Row17315,1
Row17349,0
Row17355,1
Row17365,1
Row17368,1
Row17369,1
Row17377,1
Row17397,1
Row17399,0
Row17400,1
Row17402,1
Row17406,1
Row17410,1
Row17425,1
Row17426,1
Row17428,1
Row17433,0
Row17436,1
Row17441,1
Row17446,1
Row17451,0
Row17452,1
Row17463,1
Row17495,1
Row17502,0
Row17508,1
Row17517,0
Row17527,1
Row17540,1
Row17550,1
Row17557,1
Row17568,1
Row17571,1
Row17577,1
Row17578,0
Row17591,1
Row17612,1
Row17614,1
Row17615,1
Row17636,1
Row17656,1
Row17673,1
Row17676,1
Row17682,1
Row17685,0
Row17689,0
Row17712,1
Row17714,1
Row17716,0
Row17717,0
Row17719,0
Row17722,1
Row17723,1
Row17724,1
Row17729,1
Row17730,1
Row17737,0
Row17743,1
Row17751,1
Row17759,1
Row17763,1
Row17764,1
Row17774,1
Row17776,0
Row17780,1
Row17784,0
Row17787,1
Row17789,1
Row17790,0
Row17794,0
Row17800,1
Row17801,0
Row17823,0
Row17825,1
Row17832,1
Row17836,0
Row17840,1
Row17842,0
Row17845,1
Row17850,1
Row17860,1
Row17864,0
Row17868,1
Row17875,1
Row17876,1
Row17878,1
Row17882,0
Row17888,0
Row17889,1
Row17905,0
Row17906,1
Row17933,0
Row17937,1
Row17938,0
Row17946,1
Row17955,1
Row17957,1
Row17964,0
Row17971,1
Row17974,1
Row17975,1
Row17977,1
Row17978,1
Row17982,1
Row17988,1
Row17995,1
Row18001,1
Row18006,1
Row18007,1
Row18013,1
Row18014,1
Row18016,1
Row18018,1
Row18025,1
Row18026,1
Row18029,1
Row18035,1
Row18056,1
Row18057,0
Row18070,1
Row18071,1
Row18075,1
Row18081,1
Row18082,1
Row18086,0
Row18106,1
Row18107,1
Row18108,1
Row18118,1
Row18126,1
Row18129,1
Row18132,0
Row18137,1
Row18143,1
Row18162,1
Row18163,1
Row18171,0
Row18172,1
Row18173,0
Row18175,1
Row18179,0
Row18186,0
Row18188,1
Row18192,1
Row18195,0
Row18200,1
Row18204,1
Row18205,1
Row18215,1
Row18221,0
Row18225,0
Row18229,0
Row18234,0
Row18236,1
Row18251,1
Row18256,0
Row18263,0
Row18270,1
Row18271,0
Row18285,1
Row18288,1
Row18290,1
Row18292,1
Row18300,0
Row18303,1
Row18305,1
Row18313,0
Row18331,1
Row18340,0
Row18357,1
Row18365,1
Row18378,0
Row18385,1
Row18387,1
Row18393,1
Row18403,1
Row18404,0
Row18406,1
Row18418,1
Row18431,1
Row18435,1
Row18436,1
Row18438,0
Row18440,0
Row18442,0
Row18444,1
Row18451,1
Row18471,1
Row18479,0
Row18509,1
Row18511,1
Row18513,1
Row18514,1
Row18521,0
Row18523,1
Row18524,1
Row18526,0
Row18528,0
Row18530,1
Row18550,1
Row18558,0
Row18568,1
Row18575,0
Row18577,0
Row18580,1
Row18581,1
Row18587,1
Row18590,1
Row18592,1
Row18594,0
Row18595,1
Row18602,0
Row18609,1
Row18615,1
Row18618,0
Row18633,0
Row18656,1
Row18660,1
Row18672,1
Row18674,1
Row18678,0
Row18697,1
Row18701,1
Row18717,0
Row18721,0
Row18738,1
Row18740,1
Row18746,1
Row18772,1
Row18777,1
Row18784,0
Row18798,1
Row18819,0
Row18821,1
Row18834,1
Row18851,1
Row18859,1
Row18873,1
Row18874,1
Row18885,0
Row18895,1
Row18899,0
Row18902,1
Row18906,1
Row18909,1
Row18912,1
Row18918,1
Row18921,1
Row18923,1
Row18933,1
Row18942,1
Row18946,1
Row18948,1
Row18949,1
Row18977,1
Row18985,1
Row19008,1
Row19016,1
Row19020,1
Row19040,1
Row19052,1
Row19058,1
Row19060,1
Row19071,0
Row19077,1
Row19085,1
Row19090,1
Row19096,1
Row19114,1
Row19121,1
Row19137,1
Row19138,1
Row19143,1
Row19145,0
Row19151,1
Row19175,1
Row19196,1
Row19201,1
Row19203,1
Row19205,0
Row19210,1
Row19212,0
Row19247,1
Row19262,0
Row19266,0
Row19274,1
Row19275,0
Row19278,1
Row19282,0
Row19286,0
Row19326,1
Row19329,1
Row19330,1
Row19348,1
Row19357,0
Row19359,1
Row19363,1
Row19368,1
Row19371,1
Row19372,1
Row19374,0
Row19386,0
Row19402,1
Row19404,1
Row19438,1
Row19439,0
Row19442,1
Row19443,1
Row19448,1
Row19453,0
Row19459,0
Row19468,1
Row19494,1
Row19495,1
Row19500,1
Row19502,1
Row19511,1
Row19519,0
Row19522,0
Row19545,1
Row19552,1
Row19553,1
Row19554,1
Row19561,0
Row19564,0
Row19569,1
Row19573,1
Row19580,1
Row19593,1
Row19594,0
Row19611,1
Row19624,1
Row19637,1
Row19639,1
Row19640,0
Row19642,0
Row19646,1
Row19647,1
Row19659,0
Row19660,1
Row19663,1
Row19666,1
Row19670,1
Row19671,1
Row19674,1
Row19676,0
Row19682,1
Row19685,1
Row19702,1
Row19707,1
Row19721,1
Row19722,0
Row19731,1
Row19740,0
Row19743,0
Row19744,1
Row19745,1
Row19754,1
Row19761,1
Row19764,1
Row19767,1
Row19769,1
Row19794,1
Row19800,0
Row19808,1
Row19812,1
Row19826,1
Row19830,0
Row19831,1
Row19832,1
Row19837,0
Row19851,1
Row19856,1
Row19869,0
Row19870,1
Row19873,1
Row19882,1
Row19884,1
Row19891,1
Row19892,1
Row19894,0
Row19895,1
Row19914,0
Row19915,1
Row19924,1
Row19937,1
Row19940,1
Row19941,1
Row19943,1
Row19944,1
Row19947,1
Row19958,0
Row19972,1
Row19981,1
Row19999,1
Row20006,0
Row20007,0
Row20010,1
Row20045,0
Row20069,1
Row20081,0
Row20102,1
Row20114,1
Row20121,1
Row20132,0
Row20136,1
Row20143,1
Row20159,1
Row20183,1
Row20186,1
Row20191,1
Row20197,0
Row20239,1
Row20243,1
Row20244,1
Row20253,0
Row20254,1
Row20255,1
Row20273,1
Row20287,1
Row20290,1
Row20292,1
Row20293,0
Row20334,1
Row20349,1
Row20351,0
Row20377,1
Row20378,1
Row20379,0
Row20380,0
Row20414,1
Row20424,1
Row20426,1
Row20439,0
Row20444,1
Row20475,1
Row20485,1
Row20487,0
Row20490,1
Row20526,1
Row20550,1
Row20561,1
Row20575,1
Row20608,1
Row20615,1
Row20618,0
Row20644,1
Row20646,0
Row20651,1
Row20656,1
Row20659,1
Row20697,1
Row20716,1
Row20720,0
Row20752,0
Row20754,0
Row20772,1
Row20796,1
Row20811,0
Row20814,0
Row20822,0
Row20824,1
Row20837,1
Row20838,0
Row20844,0
Row20853,0
Row20855,1
Row20881,1
Row20883,0
Row20904,1
Row20905,1
Row20909,1
Row20921,1
Row20927,1
Row20930,0
Row20934,1
Row20940,1
Row20944,1
Row20957,1
Row20958,0
Row20971,1
Row20977,0
Row20978,0
Row20987,1
Row20998,1
Row21002,1
Row21006,1
Row21014,1
Row21043,1
Row21068,0
Row21069,1
Row21072,0
Row21103,0
Row21107,1
Row21113,0
Row21142,1
Row21146,1
Row21154,1
Row21178,0
Row21188,1
Row21189,1
Row21206,1
Row21224,1
Row21234,1
Row21239,1
Row21240,1
Row21245,1
Row21246,0
Row21275,1
Row21284,1
Row21298,1
Row21306,0
Row21307,0
Row21308,1
Row21317,1
Row21318,1
Row21323,1
Row21325,1
Row21328,1
Row21331,0
Row21332,0
Row21334,0
Row21360,1
Row21380,1
Row21386,0
Row21408,0
Row21409,0
Row21416,0
Row21418,1
Row21422,0
Row21423,1
Row21425,0
Row21441,0
Row21450,1
Row21457,1
Row21459,0
Row21460,0
Row21461,0
Row21478,1
Row21486,0
Row21489,1
Row21495,1
Row21501,1
Row21504,1
Row21508,1
Row21515,0
Row21538,1
Row21543,1
Row21548,1
Row21553,1
Row21570,0
Row21573,1
Row21584,1
Row21591,1
Row21595,1
Row21600,0
Row21603,0
Row21612,1
Row21626,1
Row21633,1
Row21639,1
Row21660,1
Row21664,1
Row21667,1
Row21685,1
Row21688,1
Row21691,1
Row21693,0
Row21714,1
Row21731,1
Row21761,1
Row21762,1
Row21769,0
Row21771,1
Row21780,0
Row21806,0
Row21807,0
Row21811,1
Row21812,0
Row21823,1
Row21836,1
Row21843,1
Row21852,1
Row21864,1
Row21887,0
Row21888,1
Row21896,1
Row21899,1
Row21901,1
Row21915,0
Row21919,1
Row21920,1
Row21926,1
Row21939,0
Row21941,1
Row21944,0
Row21947,1
Row21957,0
Row21960,1
Row21967,0
Row21972,1
Row21981,1
Row21984,1
Row21990,1
Row21999,1
Row22039,1
Row22041,0
Row22050,1
Row22061,1
Row22062,0
Row22078,1
Row22090,1
Row22110,0
Row22117,0
Row22130,1
Row22131,1
Row22144,1
Row22145,1
Row22148,0
Row22149,1
Row22150,1
Row22154,1
Row22157,1
Row22162,1
Row22167,1
Row22169,1
Row22173,0
Row22176,1
Row22177,1
Row22184,0
Row22195,0
Row22196,1
Row22204,0
Row22205,0
Row22218,1
Row22233,1
Row22245,1
Row22248,0
Row22250,1
Row22256,1
Row22261,1
Row22267,1
Row22268,1
Row22302,0
Row22304,0
Row22308,0
Row22314,0
Row22316,0
Row22319,1
Row22326,1
Row22328,1
Row22331,1
Row22341,0
Row22346,1
Row22358,1
Row22362,1
Row22368,1
Row22369,1
Row22370,0
Row22374,1
Row22378,1
Row22384,1
Row22394,1
Row22408,0
Row22409,0
Row22413,1
Row22417,1
Row22427,1
Row22436,0
Row22438,1
Row22449,1
Row22451,0
Row22454,0
Row22462,0
Row22464,1
Row22466,0
Row22474,1
Row22476,1
Row22478,0
Row22479,1
Row22480,1
Row22481,1
Row22484,1
Row22485,1
Row22486,1
Row22502,0
Row22503,1
Row22511,0
Row22512,1
Row22518,0
Row22521,1
Row22554,1
Row22556,1
Row22570,1
Row22579,0
Row22580,1
Row22582,1
Row22583,1
Row22592,1
Row22594,0
Row22600,1
Row22603,1
Row22608,0
Row22610,1
Row22612,1
Row22615,1
Row22616,1
Row22621,1
Row22622,1
Row22624,0
Row22628,1
Row22640,1
Row22641,1
Row22642,1
Row22647,1
Row22654,0
Row22656,1
Row22667,0
Row22669,1
Row22671,1
Row22674,1
Row22678,1
Row22689,1
Row22690,0
Row22691,1
Row22717,1
Row22725,1
Row22726,1
Row22739,1
Row22752,0
Row22753,1
Row22760,1
Row22762,0
Row22763,1
Row22765,0
Row22767,1
Row22779,1
Row22792,1
Row22793,1
Row22797,0
Row22801,1
Row22805,1
Row22807,1
Row22832,0
Row22835,1
Row22843,1
Row22844,0
Row22845,0
Row22849,1
Row22852,0
Row22853,1
Row22870,1
Row22871,1
Row22872,1
Row22882,0
Row22885,0
Row22887,0
Row22889,0
Row22897,1
Row22900,0
Row22901,0
Row22911,1
Row22917,0
Row22918,1
Row22921,1
Row22925,1
Row22929,1
Row22936,0
Row22938,1
Row22939,1
Row22948,1
Row22949,0
Row22955,1
Row22956,1
Row22957,1
Row22960,1
Row22974,0
Row22975,0
Row22982,0
Row22985,0
Row23001,1
Row23002,1
Row23005,0
Row23010,0
Row23014,0
Row23015,1
Row23039,1
Row23043,1
Row23056,1
Row23057,1
Row23058,1
Row23059,0
Row23067,1
Row23071,1
Row23081,1
Row23083,1
Row23085,0
Row23086,1
Row23090,1
Row23093,1
Row23096,1
Row23101,1
Row23102,0
Row23103,0
Row23104,1
Row23108,1
Row23113,1
Row23114,1
Row23117,1
Row23121,1
Row23135,0
Row23138,1
Row23147,1
Row23150,1
Row23151,1
Row23163,1
Row23177,1
Row23201,1
Row23206,0
Row23209,1
Row23210,1
Row23221,1
Row23235,1
Row23236,1
Row23243,0
Row23246,0
Row23249,0
Row23250,1
Row23254,1
Row23255,0
Row23257,0
Row23264,1
Row23270,1
Row23271,0
Row23272,1
Row23277,1
Row23292,1
Row23307,1
Row23309,0
Row23311,0
Row23322,1
Row23325,1
Row23328,1
Row23330,0
Row23332,1
Row23333,1
Row23335,0
Row23341,0
Row23349,1
Row23354,1
Row23362,1
Row23375,1
Row23377,0
Row23380,1
Row23381,0
Row23383,0
Row23395,1
Row23396,0
Row23397,1
Row23401,0
Row23405,1
Row23407,1
Row23411,1
Row23421,0
Row23423,0
Row23425,1
Row23435,0
Row23468,0
Row23498,0
Row23504,1
Row23521,1
Row23530,1
Row23531,0
Row23535,0
Row23545,1
Row23549,1
Row23551,1
Row23563,1
Row23564,0
Row23565,1
Row23575,0
Row23576,1
Row23584,0
Row23586,1
Row23588,1
Row23591,1
Row23592,0
Row23611,1
Row23629,0
Row23645,1
Row23673,1
Row23675,1
Row23677,1
Row23678,1
Row23681,1
Row23683,1
Row23688,0
Row23703,1
Row23707,1
Row23711,1
Row23712,1
Row23720,1
Row23743,1
Row23759,0
Row23761,1
Row23762,1
Row23774,1
Row23775,1
Row23777,1
Row23779,1
Row23781,1
Row23785,0
Row23787,0
Row23793,1
Row23795,0
Row23818,1
Row23822,1
Row23832,0
Row23839,1
Row23852,0
Row23860,1
Row23862,1
Row23863,1
Row23884,0
Row23890,1
Row23895,0
Row23896,1
Row23897,1
Row23903,1
Row23906,1
Row23929,1
Row23947,1
Row23953,1
Row23954,1
Row23957,1
Row23958,1
Row23961,0
Row23971,1
Row23975,1
Row24001,1
Row24002,1
Row24017,0
Row24019,1
Row24020,1
Row24030,1
Row24033,1
Row24038,0
Row24060,1
Row24074,1
Row24080,1
Row24084,1
Row24086,1
Row24088,1
Row24101,1
Row24104,0
Row24119,1
Row24120,1
Row24127,1
Row24129,1
Row24131,1
Row24137,1
Row24156,1
Row24171,1
Row24173,0
Row24177,1
Row24178,0
Row24179,1
Row24180,1
Row24197,1
Row24201,0
Row24204,0
Row24227,1
Row24229,0
Row24231,1
Row24242,1
Row24257,1
Row24267,0
Row24269,1
Row24279,0
Row24281,1
Row24287,1
Row24298,0
Row24299,0
Row24300,1
Row24301,0
Row24314,1
Row24315,0
Row24318,1
Row24323,1
Row24337,0
Row24341,1
Row24342,0
Row24355,1
Row24358,1
Row24364,1
Row24368,1
Row24381,1
Row24383,1
Row24391,0
Row24393,0
Row24394,1
Row24414,0
Row24415,1
Row24416,1
Row24418,1
Row24426,0
Row24427,1
Row24432,0
Row24434,0
Row24435,1
Row24437,1
Row24440,1
Row24454,1
Row24455,1
Row24459,0
Row24460,1
Row24463,1
Row24469,1
Row24471,1
Row24479,1
Row24481,1
Row24494,1
Row24499,1
Row24504,1
Row24518,1
Row24520,1
Row24530,1
Row24536,1
Row24551,0
Row24552,0
Row24553,1
Row24555,1
Row24562,1
Row24585,0
Row24596,0
Row24606,1
Row24608,0
Row24609,1
Row24611,1
Row24627,1
Row24629,0
Row24631,1
Row24632,0
Row24637,1
Row24639,1
Row24648,1
Row24655,1
Row24665,0
Row24667,0
Row24669,1
Row24670,1
Row24671,0
Row24672,1
Row24673,1
Row24682,1
Row24687,1
Row24689,0
Row24716,1
Row24721,1
Row24722,1
Row24723,1
Row24724,0
Row24736,1
Row24742,0
Row24758,1
Row24760,0
Row24761,1
Row24767,0
Row24768,1
Row24793,1
Row24798,0
Row24800,1
Row24801,1
Row24806,1
Row24822,1
Row24830,1
Row24837,1
Row24848,1
Row24849,0
Row24854,1
Row24867,0
Row24876,1
Row24882,1
Row24885,1
Row24888,1
Row24890,0
Row24914,1
Row24918,1
Row24920,0
Row24928,0
Row24932,1
Row24942,1
Row24954,1
Row24960,1
Row24971,1
Row24977,1
Row24980,0
Row24997,1
Row24998,1
Row24999,1
Row25007,1
Row25011,0
Row25014,1
Row25020,1
Row25021,1
Row25025,1
Row25032,1
Row25033,1
Row25075,0
Row25076,0
Row25078,1
Row25084,1
Row25086,0
Row25095,0
Row25098,1
Row25101,1
Row25111,1
Row25116,1
Row25134,0
Row25135,1
Row25136,0
Row25137,1
Row25140,1
Row25142,1
Row25154,0
Row25164,0
Row25170,1
Row25180,0
Row25182,1
Row25191,0
Row25194,0
Row25195,1
Row25201,0
Row25206,1
Row25211,1
Row25213,0
Row25226,1
Row25234,1
Row25238,1
Row25241,1
Row25245,1
Row25251,1
Row25262,1
Row25270,1
Row25272,1
Row25274,1
Row25276,1
Row25296,1
Row25301,0
Row25312,1
Row25313,1
Row25316,1
Row25318,1
Row25326,1
Row25353,1
Row25355,0
Row25369,1
Row25371,1
Row25395,1
Row25407,1
Row25421,0
Row25436,1
Row25437,1
Row25439,0
Row25447,1
Row25448,1
Row25450,1
Row25451,1
Row25453,0
Row25455,1
Row25461,0
Row25468,1
Row25470,1
Row25483,1
Row25492,1
Row25494,1
Row25497,0
Row25503,1
Row25505,1
Row25507,0
Row25510,1
Row25520,0
Row25539,0
Row25542,1
Row25543,1
Row25546,0
Row25550,1
Row25569,0
Row25570,1
Row25573,0
Row25581,0
Row25583,1
Row25586,1
Row25587,1
Row25591,0
Row25597,1
Row25598,0
Row25600,1
Row25622,0
Row25623,0
Row25626,0
Row25632,0
Row25636,1
Row25641,1
Row25645,0
Row25646,0
Row25648,1
Row25652,0
Row25653,1
Row25661,0
Row25675,1
Row25700,1
Row25712,0
Row25720,1
Row25721,0
Row25723,0
Row25726,1
Row25731,0
Row25736,1
Row25737,0
Row25739,0
Row25741,1
Row25749,1
Row25750,0
Row25753,1
Row25758,1
Row25765,1
Row25769,1
Row25773,1
Row25779,1
Row25780,0
Row25782,1
Row25791,1
Row25795,1
Row25811,1
Row25813,1
Row25816,1
Row25819,1
Row25820,1
Row25821,1
Row25830,1
Row25831,0
Row25837,1
Row25838,1
Row25840,0
Row25841,0
Row25842,0
Row25844,1
Row25846,1
Row25849,1
Row25850,1
Row25851,1
Row25855,1
Row25856,1
Row25866,1
Row25867,1
Row25873,1
Row25876,0
Row25877,1
Row25881,1
Row25882,1
Row25885,1
Row25889,0
Row25891,1
Row25892,1
Row25907,0
Row25908,1
Row25911,0
Row25920,0
Row25921,1
Row25922,0
Row25926,0
Row25928,1
Row25937,0
Row25945,0
Row25946,1
Row25950,1
Row25956,1
Row25957,1
Row25973,1
Row25983,0
Row25987,0
Row25988,0
Row25996,1
Row26006,0
Row26019,0
Row26021,1
Row26029,1
Row26031,1
Row26033,1
Row26041,1
Row26047,0
Row26048,1
Row26053,1
Row26058,1
Row26059,1
Row26066,0
Row26067,0
Row26068,1
Row26070,0
Row26078,0
Row26080,0
Row26086,1
Row26089,0
Row26098,1
Row26100,0
Row26102,0
Row26123,0
Row26131,1
Row26134,0
Row26159,1
Row26163,1
Row26176,0
Row26179,0
Row26184,1
Row26186,1
Row26188,0
Row26192,1
Row26195,1
Row26208,1
Row26211,1
Row26214,1
Row26217,0
Row26218,1
Row26220,0
Row26221,1
Row26222,1
Row26225,1
Row26239,1
Row26244,1
Row26247,1
Row26251,0
Row26257,0
Row26263,0
Row26269,1
Row26271,1
Row26272,1
Row26273,1
Row26276,1
Row26289,0
Row26294,0
Row26296,1
Row26300,0
Row26304,1
Row26311,1
Row26313,1
Row26315,1
Row26333,1
Row26343,1
Row26345,1
Row26348,0
Row26351,1
Row26354,0
Row26357,0
Row26359,1
Row26361,0
Row26366,1
Row26368,1
Row26369,1
Row26372,1
Row26379,1
Row26380,1
Row26387,1
Row26388,1
Row26394,1
Row26399,1
Row26409,0
Row26411,0
Row26415,1
Row26420,1
Row26422,0
Row26425,0
Row26435,0
Row26436,1
Row26445,1
Row26447,0
Row26448,1
Row26457,0
Row26469,0
Row26480,1
Row26493,1
Row26495,1
Row26497,1
Row26498,1
Row26499,1
Row26507,1
Row26508,0
Row26511,1
Row26518,1
Row26532,1
Row26534,1
Row26537,0
Row26548,1
Row26554,0
Row26556,1
Row26564,1
Row26566,1
Row26573,0
Row26575,1
Row26580,0
Row26581,0
Row26593,1
Row26595,0
Row26597,1
Row26599,1
Row26611,0
Row26615,1
Row26618,1
Row26621,1
Row26623,1
Row26632,1
Row26637,1
Row26652,1
Row26656,1
Row26662,1
Row26673,0
Row26677,1
Row26682,1
Row26686,0
Row26688,1
Row26701,0
Row26716,1
Row26730,1
Row26734,1
Row26735,1
Row26739,0
Row26740,1
Row26742,1
Row26758,1
Row26782,1
Row26784,1
Row26787,0
Row26798,1
Row26804,0
Row26819,1
Row26821,0
Row26824,0
Row26826,1
Row26838,1
Row26846,1
Row26853,1
Row26865,1
Row26867,1
Row26875,0
Row26890,0
Row26897,1
Row26901,0
Row26915,0
Row26924,1
Row26933,0
Row26940,1
Row26946,1
Row26949,1
Row26950,1
Row26953,1
Row26956,0
Row26974,1
Row26986,0
Row26990,1
Row27001,1
Row27004,0
Row27006,1
Row27019,1
Row27043,1
Row27044,0
Row27053,1
Row27061,0
Row27065,1
Row27069,0
Row27085,0
Row27088,1
Row27093,1
Row27106,1
Row27116,1
Row27121,1
Row27123,1
Row27144,0
Row27153,0
Row27154,1
Row27165,1
Row27176,1
Row27177,1
Row27179,0
Row27187,1
Row27192,1
Row27196,1
Row27222,0
Row27223,1
Row27231,1
Row27245,1
Row27264,1
Row27265,0
Row27266,0
Row27268,1
Row27270,1
Row27271,0
Row27274,0
Row27282,0
Row27304,1
Row27306,1
Row27311,0
Row27312,1
Row27325,1
Row27327,1
Row27328,1
Row27329,0
Row27333,0
Row27336,0
Row27342,1
Row27344,1
Row27345,0
Row27353,1
Row27368,1
Row27372,1
Row27373,0
Row27376,1
Row27377,0
Row27380,0
Row27381,1
Row27386,1
Row27390,1
Row27393,1
Row27403,0
Row27406,1
Row27423,1
Row27426,1
Row27438,1
Row27443,0
Row27444,1
Row27446,0
Row27449,1
Row27457,1
Row27470,0
Row27475,1
Row27481,1
Row27484,1
Row27486,1
Row27510,1
Row27518,1
Row27523,1
Row27540,1
Row27564,0
Row27566,0
Row27576,1
Row27600,1
Row27619,1
Row27622,1
Row27628,1
Row27629,1
Row27630,1
Row27631,0
Row27636,1
Row27644,0
Row27650,1
Row27654,1
Row27666,0
Row27676,1
Row27684,1
Row27685,1
Row27691,0
Row27710,0
Row27722,0
Row27724,1
Row27737,0
Row27742,1
Row27749,1
Row27755,1
Row27766,0
Row27767,1
Row27800,1
Row27810,1
Row27811,0
Row27818,1
Row27820,0
Row27821,1
Row27822,0
Row27823,0
Row27824,1
Row27836,0
Row27849,0
Row27850,0
Row27856,1
Row27862,1
Row27871,0
Row27876,0
Row27878,1
Row27904,0
Row27908,1
Row27910,0
Row27912,1
Row27915,1
Row27924,0
Row27928,1
Row27949,1
Row27963,1
Row27968,1
Row27969,1
Row27972,1
Row27979,1
Row27992,1
Row27999,1
Row28001,1
Row28002,0
Row28004,0
Row28006,0
Row28017,1
Row28024,0
Row28025,1
Row28030,0
Row28034,1
Row28047,1
Row28054,1
Row28057,1
Row28061,1
Row28066,1
Row28088,1
Row28092,1
Row28094,1
Row28109,1
Row28112,0
Row28116,1
Row28123,0
Row28127,0
Row28129,1
Row28131,1
Row28132,0
Row28135,1
Row28137,1
Row28144,1
Row28155,1
Row28156,0
Row28161,0
Row28163,1
Row28168,1
Row28169,1
Row28170,0
Row28173,1
Row28174,1
Row28176,1
Row28182,1
Row28183,1
Row28188,0
Row28193,1
Row28197,1
Row28199,1
Row28200,1
Row28210,0
Row28222,1
Row28224,1
Row28225,0
Row28226,1
Row28241,1
Row28251,1
Row28256,1
Row28260,1
Row28270,1
Row28285,1
Row28293,1
Row28298,1
Row28303,1
Row28308,0
Row28309,1
Row28311,0
Row28314,0
Row28315,0
Row28317,1
Row28318,0
Row28324,1
Row28325,1
Row28327,1
Row28328,0
Row28332,1
Row28335,1
Row28339,1
Row28344,1
Row28347,1
Row28348,1
Row28351,1
Row28354,1
Row28357,0
Row28368,1
Row28375,1
Row28403,1
Row28409,0
Row28414,1
Row28417,1
Row28418,1
Row28419,1
Row28434,0
Row28435,0
Row28437,0
Row28438,1
Row28443,0
Row28446,1
Row28449,0
Row28452,1
Row28454,0
Row28455,0
Row28457,1
Row28464,1
Row28466,1
Row28481,0
Row28482,1
Row28496,1
Row28499,1
Row28508,1
Row28510,1
Row28524,1
Row28525,0
Row28527,1
Row28530,1
Row28540,1
Row28549,1
Row28564,1
Row28567,1
Row28576,1
Row28577,1
Row28580,1
Row28590,1
Row28592,1
Row28597,1
Row28608,0
Row28609,0
Row28612,0
Row28614,0
Row28615,0
Row28616,0
Row28638,1
Row28656,0
Row28659,0
Row28661,0
Row28671,0
Row28675,1
Row28677,1
Row28694,0
Row28696,0
Row28697,0
Row28704,1
Row28711,0
Row28712,0
Row28717,1
Row28723,1
Row28736,1
Row28744,1
Row28767,0
Row28768,0
Row28770,1
Row28805,0
Row28806,0
Row28807,1
Row28814,1
Row28822,1
Row28836,1
Row28837,0
Row28844,1
Row28845,1
Row28852,1
Row28864,1
Row28873,1
Row28874,1
Row28876,1
Row28878,1
Row28882,1
Row28884,0
Row28888,0
Row28889,0
Row28910,1
Row28915,1
Row28936,1
Row28940,1
Row28946,1
Row28949,0
Row28950,1
Row28951,1
Row28957,1
Row28959,1
Row28969,1
Row28972,0
Row28976,0
Row28980,1
Row28991,1
Row29003,0
Row29007,1
Row29037,0
Row29052,0
Row29059,0
Row29066,1
Row29086,1
Row29104,1
Row29114,0
Row29116,1
Row29126,1
Row29137,0
Row29140,1
Row29148,0
Row29159,1
Row29175,0
Row29177,1
Row29180,0
Row29181,0
Row29193,1
Row29205,1
Row29234,1
Row29239,1
Row29240,0
Row29244,1
Row29251,1
Row29252,1
Row29256,1
Row29257,0
Row29271,0
Row29272,1
Row29274,1
Row29277,1
Row29280,1
Row29282,1
Row29284,1
Row29285,1
Row29300,1
Row29305,1
Row29318,0
Row29332,1
Row29344,1
Row29346,1
Row29348,0
Row29349,1
Row29350,1
Row29352,0
Row29362,0
Row29363,1
Row29371,1
Row29372,1
Row29374,0
Row29375,0
Row29376,0
Row29387,1
Row29426,1
Row29428,1
Row29435,1
Row29446,1
Row29449,1
Row29450,0
Row29454,1
Row29455,0
Row29458,1
Row29461,1
Row29465,1
Row29489,1
Row29494,1
Row29503,1
Row29513,1
Row29514,0
Row29533,1
Row29535,1
Row29541,1
Row29542,0
Row29569,1
Row29572,0
Row29584,1
Row29617,1
Row29629,0
Row29636,0
Row29638,1
Row29651,0
Row29654,1
Row29657,0
Row29660,1
Row29663,1
Row29666,0
Row29682,1
Row29690,1
Row29691,0
Row29703,1
Row29720,1
Row29739,1
Row29741,1
Row29752,1
Row29769,1
Row29813,1
Row29814,0
Row29821,1
Row29832,1
Row29833,0
Row29849,1
Row29851,1
Row29864,1
Row29866,0
Row29869,1
Row29879,1
Row29881,1
Row29889,1
Row29895,1
Row29896,1
Row29903,1
Row29925,0
Row29927,0
Row29929,0
Row29945,1
Row29949,0
Row29950,1
Row29961,1
Row29964,0
Row29980,0
Row30003,0
Row30006,1
Row30011,1
Row30012,1
Row30027,1
Row30031,0
Row30035,1
Row30036,1
Row30067,1
Row30087,0
Row30091,1
Row30121,1
Row30122,1
Row30123,1
Row30124,1
Row30144,0
Row30146,1
Row30154,0
Row30158,1
Row30162,0
Row30163,1
Row30164,0
Row30172,1
Row30173,0
Row30175,1
Row30181,0
Row30191,1
Row30197,1
Row30220,1
Row30221,1
Row30248,1
Row30251,0
Row30266,0
Row30277,1
Row30279,1
Row30284,1
Row30285,0
Row30293,0
Row30307,0
Row30311,1
Row30315,1
Row30324,0
Row30341,0
Row30343,0
Row30352,1
Row30367,1
Row30384,1
Row30432,0
Row30469,1
Row30473,1
Row30496,0
Row30500,0
Row30517,1
Row30519,1
Row30525,1
Row30529,0
Row30542,0
Row30545,0
Row30548,1
Row30571,1
Row30573,1
Row30600,0
Row30606,1
Row30608,1
Row30617,1
Row30622,1
Row30643,1
Row30644,0
Row30646,1
Row30647,1
Row30668,0
Row30674,1
Row30691,1
Row30719,1
Row30720,0
Row30728,0
Row30819,1
Row30820,1
Row30844,1
Row30857,1
Row30858,1
Row30894,1
Row30899,1
Row30900,0
Row30927,0
Row30935,1
Row30936,1
Row30950,0
Row30978,1
Row30981,1
Row30982,0
Row30985,1
Row30998,0
Row31001,0
Row31010,0
Row31031,1
Row31068,0
Row31072,1
Row31075,1
Row31078,1
Row31079,0
Row31081,0
Row31097,1
Row31104,1
Row31105,0
Row31126,1
Row31135,1
Row31157,1
Row31166,1
Row31171,1
Row31176,1
Row31177,1
Row31182,1
Row31195,1
Row31234,1
Row31237,0
Row31239,0
Row31240,0
Row31243,1
Row31246,1
Row31250,0
Row31253,0
Row31259,1
Row31268,1
Row31281,1
Row31282,0
Row31288,0
Row31292,0
Row31304,1
Row31322,1
Row31326,0
Row31327,0
Row31376,1
Row31389,1
Row31390,1
Row31400,1
Row31404,0
Row31407,1
Row31413,1
Row31416,1
Row31417,1
Row31427,1
Row31428,0
Row31430,0
Row31459,0
Row31469,1
Row31471,1
Row31493,1
Row31494,1
Row31495,1
Row31500,1
Row31505,1
Row31517,0
Row31525,1
Row31552,0
Row31553,1
Row31558,1
Row31616,1
Row31636,1
Row31638,1
Row31667,1
Row31673,0
Row31700,1
Row31703,1
Row31725,1
Row31730,0
Row31734,0
Row31745,0
Row31757,1
Row31787,1
Row31810,1
Row31811,1
Row31815,0
Row31828,1
Row31842,1
Row31858,0
Row31859,0
Row31861,1
Row31867,1
Row31887,1
Row31925,1
Row31928,1
Row31936,1
Row31945,1
Row31963,1
Row31977,1
Row31987,1
Row32014,1
Row32017,1
Row32018,1
Row32031,1
Row32037,1
Row32042,1
Row32043,1
Row32044,0
Row32054,1
Row32055,1
Row32082,1
Row32083,1
Row32100,0
Row32125,1
Row32134,1
Row32140,0
Row32142,0
